eig1,eig2,eig3,eig4,eig5,eig6,eig7,eig8
15.884034074196784,6.297787422204694,5.8081315602268555,4.971783114127985,3.7016345807397464,3.403780451854998,2.634816337710022,2.138498459834978
15.904260160946684,6.069110129283452,5.688941885510943,4.955079126224451,3.6540640730647485,3.3159224925128226,2.5443845426097096,2.109571769969407
15.858621532247088,6.6522304216515415,5.624428466056698,4.661294616362054,3.47662701002078,3.2479400023632192,2.5783465059323554,2.258535923035217
15.476171679389939,6.734633698848446,5.672318158571525,4.596332145104948,3.481450350944099,3.3412374867231005,2.538469468235597,2.248992965687685
15.273086709499822,6.516619984510231,5.566423522436155,4.45070786430922,3.761058758805277,3.2541905108538995,2.511968934263441,2.3628817260875077
15.200076746512178,6.572891607534551,5.530414420664992,4.355006907000088,3.706823952839895,3.2029132844023445,2.4794688369357205,2.3611721156197727
15.255042947224556,6.44356460635073,5.496191204439708,4.281811320031768,3.603576506593732,3.2906930645712844,2.4471046789928437,2.304914458021912
15.0877849586483,6.49364950500215,5.43861972382296,4.204770895167911,3.489106893666009,3.21795744815058,2.4076269021463896,2.3934346283987935
15.1948392428142,6.318675736267263,5.260331139868609,4.223036447213081,3.389426677054769,3.1184455270928537,2.665095908087652,2.2790687001501246
15.184928437217497,6.299896546341231,5.146561496557945,4.220178431338709,3.376040306750074,3.029676431091879,2.6168193109525273,2.249965415771139
15.05466677489565,6.532597727231069,5.164910606097307,4.076545067336207,3.2840307894932192,2.9885043306419226,2.709122891847603,2.2388169597548733
15.428048111213549,6.321751381999704,5.038335059595072,4.187189036923481,3.2485418996562263,2.9601863586812036,2.68897750311224,2.149238562959934
15.407233174598005,6.194656168017107,4.931229644157461,4.241633270282969,3.167191085266821,2.913063979064349,2.632271021710203,2.133408232148008
15.456052105031794,6.1283985362041555,4.901789920049574,4.189983363830326,3.187163647619218,2.9005071244934215,2.600156366921035,2.156846924487356
15.891112736399108,6.000683643800516,4.768241632879296,4.151183261391898,3.1323676060633296,2.825333219149937,2.546330749849853,2.230666096789558
16.005057587834422,5.976145627807862,4.6921378593258085,4.115860643050511,3.09539878910001,2.7921811567018064,2.5303805707222935,2.218642866270959
15.878312044155248,6.116494604335285,4.629045561653792,4.146801758357268,3.1786872735898317,2.732241643218434,2.466974829689467,2.1769635085180052
15.749658879276971,6.337064309475197,4.536806327367028,3.961229722653664,3.4734896234158708,2.802966114138698,2.5670715758690217,2.120774366347577
15.94646055365451,6.237886028367285,4.434361137965464,3.9998823571426443,3.4341029515880725,2.754768472880043,2.539810574744001,2.0927021997587705
16.085535755806205,6.165970186474452,4.364492177027252,3.9721347714681365,3.3980633154729234,2.831440960725254,2.517425162736042,2.067735192462321
16.464352876238685,6.144860609834659,4.299117131432686,3.938972445939893,3.339850683290266,2.803953631916636,2.4817920836642995,2.019873718836565
16.730223803522605,6.147687347646102,4.222240978384664,3.814371934377646,3.321228892983044,2.6935285464002376,2.548177707609196,1.9711419028808552
16.834095569540573,6.133732347044255,4.154335533847178,3.7744083937861657,3.305908617748442,2.679972919206435,2.5367136936698267,1.9513523775256791
16.88347269121573,6.05310484599087,4.140280897276336,3.6748639411717945,3.2447185362613835,2.703761776437353,2.4947291846163075,2.11270163411735
16.752590361000863,6.004287624641703,4.555989644258961,3.631326404044298,3.140577320881759,2.6697979341280687,2.4709528881680956,2.074807510299681
16.421358349649076,6.109554105851972,4.445760251727103,3.8377263241570687,3.3021124477843014,2.8936106163705526,2.5156004977093773,2.019214934156037
16.724326087461307,6.15882551453554,4.355291075796297,3.7459591154886187,3.3041609526795166,2.8409517096559984,2.457852494661158,2.178610463713334
16.436665460695288,6.9858166814012,4.1720157348154085,3.858033468750427,3.4837366133067875,2.744039792178394,2.310847286335031,2.086582450315405
16.45773630478915,6.931527753053146,4.158227102971001,3.8274172198421224,3.445954292731784,2.8130461783848735,2.2716228437365986,2.055551227898571
16.42164230680502,6.894203875586767,4.12619074655434,3.758540991676651,3.396030160106324,2.8447144024100797,2.4788833978770075,2.087433773809596
16.311760194229166,7.03320128395444,4.09019113036918,3.713858301473236,3.3628242618250432,2.8200915035577068,2.4471917442331717,2.0514246084088645
16.325513996729235,6.957015121544757,4.041767529178411,3.786559837498773,3.3403233592324812,2.7955179853738374,2.456437772866808,2.029383657941089
16.527453947550057,6.86937863109376,4.014543680242687,3.8386447988826684,3.292389347681279,2.7551788536405257,2.4254414750460658,2.002701656330409
16.683087492298924,6.8403974298807295,4.062568411412357,3.8000156214590888,3.262320354245352,2.6997287772257,2.3864269738872395,1.9799780548070605
16.7915764461316,6.778672822954052,4.016011721936168,3.742028020437731,3.2294943583202245,2.749978882022386,2.36477851316605,1.9794276787219525
16.845794621684334,6.729056299907505,3.9595916679111616,3.731368766850436,3.1733656652855515,2.7198416401401833,2.353433817405564,1.9750749340961375
16.775759304102394,6.688285796905054,3.9270448422352096,3.7604835736122877,3.2580203785215707,2.6962419744878194,2.3142115375530294,1.9631898299228092
16.915250918865297,6.643053127279067,3.8664937753224464,3.7006120229795507,3.4793043220594644,2.6656189291821692,2.261193893579651,1.9247543028730052
17.045673524706373,6.576582176845838,3.8154150229764574,3.7146873475944893,3.4278493086536135,2.637241283246453,2.239496795462763,1.9196301544938554
17.096936050989747,6.538876046965852,3.8302832504749835,3.6982333235012947,3.3654144640663253,2.598268964459136,2.221947553008538,1.9098354263036428
16.89787620102159,6.434897349502384,3.82556605058675,3.637079686609124,3.3330410533575865,2.566525904495305,2.250147438742648,1.9601744526394984
16.809229058613823,6.407325683043533,3.7880316917523706,3.6002715158726555,3.318439134597803,2.743480220845081,2.233573565616573,1.9620409926871079
16.69912172069727,6.390536145571684,3.9523882585065246,3.5687489674190815,3.3280873367136623,2.6700412561051197,2.206908590443146,2.0023268627491357
16.730286385366703,6.3564881783205855,4.0606282789535255,3.5579755683172904,3.2969611096241236,2.6441295845425845,2.1868905735931627,1.9923543511563295
16.87966492884214,6.3507643605650195,4.010848627712152,3.5305959999878187,3.2916889808577006,2.6182731162124337,2.1722006999024193,1.9824538739113458
16.936164693354314,6.451755831786624,3.9890695419415003,3.5021367459293753,3.287103620198338,2.606922432230853,2.143452791124626,1.9654412071800282
17.074844072687114,6.429921527800973,3.9435181477095935,3.4540440196404334,3.2407757526816865,2.5748344467445943,2.1281831667355204,1.9499594663226476
17.035947613148863,6.376425382367694,3.9143514606130876,3.4581241992626452,3.236004713749503,2.550850651934356,2.1040015559882814,1.9305195647449753
17.021487786630523,6.316869178254823,3.964206938180339,3.4695636105504133,3.2071917036431072,2.553045302714832,2.097021625449587,1.929006223037268
16.992505269625823,6.304706006723009,3.9723411590158,3.4437613355827845,3.1852331128996125,2.5562742748098266,2.0791403706211975,1.9212457409422568
16.844234038885396,6.315275523001565,4.1143185263419175,3.42361065736997,3.157658876656469,2.5131179947980735,2.040366538919079,1.9183378414692585
16.805143411695582,6.280620689605417,4.24236045587984,3.3721095221793274,3.1857467049334174,2.5011852097115455,2.016031932466797,1.9045995965597267
16.886249789190785,6.364342391644794,4.202303356430512,3.3180617469345743,3.226904831956323,2.50211703191167,2.0075898167859387,1.8582641674417792
16.83887461215931,6.3232087431900865,4.160035449966124,3.4142440601637025,3.220621850400488,2.5022223367061223,1.9954763948634018,1.8685283963972303
16.751986609355527,6.29152573169284,4.151543072253071,3.3945410068888915,3.1965001281650505,2.50633604907436,1.9721046639506257,1.8752261748051382
17.06961437911911,6.1727298600830895,4.0918836606251805,3.3306432688397876,3.1139631105944434,2.4975614832469812,2.0063980792697436,1.8590967086206167
17.134410534604577,6.156816196994985,4.055279639954586,3.3299875823731035,3.0857986611498522,2.4743364784436586,2.0160046169786177,1.8565788563410042
17.134378469367668,6.081211374829506,4.009754235136179,3.4664897222199293,3.084303463647149,2.548239679244869,2.0084433697106663,1.8400960522748355
17.1896655162801,6.050751069934613,3.9802296195164173,3.451979371981559,3.116509779575126,2.537551515152887,1.997915352079335,1.822834333011909
17.11740827589731,6.171065357960806,4.133620462411127,3.4152570848292556,3.115135510895126,2.5144196494243767,1.9696095192413279,1.8034319029401482
17.136300213230726,6.166869186660257,4.084586411582412,3.384340506670419,3.0807593663998944,2.505473776594836,1.960540216792052,1.807321606703251
17.145336286859326,6.111486559295971,4.05187343493918,3.484332482391764,3.0830912023435215,2.494997492890734,1.9650696595185952,1.8506093209855856
17.306655484907722,6.003827863663769,4.0115756502022295,3.450226661536171,3.0762281356753003,2.484299306021723,1.9987993360203098,1.8383527485196283
17.398526787737694,5.936402969768318,3.969731303218129,3.4282333516502317,3.04200231814333,2.5107237969687723,1.9526512549732173,1.8859368934197343
17.42798946431327,5.9225493304787165,3.9764603751262344,3.447259419597397,3.0230081844381496,2.494193335521775,1.954638127772131,1.8801960961334274
17.3619174510566,5.899499272373237,3.916857018116544,3.41731581576061,2.9751533156897163,2.4211047303426607,1.947929331432456,1.8600736402741942
17.443932379122785,5.9085278920739785,3.8833332993361487,3.4003916842645867,2.9478906074368707,2.4229916919611796,1.9351697368203984,1.846669439983174
17.301814033582453,5.90711434436407,3.8469578948087797,3.4378819864507055,2.9344793953087622,2.407501162529444,1.9188398828748832,1.8306021581815026
17.225113494519242,5.878327985420745,3.8008200965485184,3.437179591428846,2.871899580330158,2.365478489097458,2.0690715626157568,1.8136573930283948
17.22352004490292,5.815404801632765,3.8555412129892286,3.4170630925126173,2.892400026442468,2.3584316643042387,2.0945909364104125,1.7899345666036737
17.214903054664113,5.793816168472111,3.828957127636343,3.4330677258333075,2.9151808729130155,2.3529928743032955,2.082784149924266,1.8141167032298704
17.160110777423597,5.8029450487589695,3.7791978820014585,3.4020640424106228,2.8960604438943602,2.356796059508181,2.079234568440976,1.7994783085484416
17.07789679487275,5.735793995746885,4.0108585453830035,3.4041994471051282,2.8664878218408054,2.3317356738464246,2.0729291087535384,1.7662544389076331
17.06742135997675,5.8663800241803,3.9810710261596993,3.4016256574389425,2.8482740851738506,2.3198276485841762,2.051065496756497,1.7501367978133284
16.966158997593098,5.759235394513071,3.9362818554468775,3.360442495168859,2.8845751103689365,2.471990585418372,2.034690831090566,1.7869909773780401
16.91070635103086,5.74845915018237,3.929502097815651,3.345325550703564,2.8710482526546035,2.436105854994011,2.190066998213941,1.7625143654104358
16.805202477585155,5.8214564001809865,3.8931623194401554,3.364189381350773,2.8476947808451114,2.41687869270635,2.182437053172596,1.7527122589133177
16.82220675099461,5.821598183914636,3.876711150325536,3.3422425277230516,2.82617571450449,2.4119526509333675,2.164612253431405,1.7437392661417113
16.800151123013833,5.781100112939525,3.8509116521936946,3.298253816866461,2.8803841104879075,2.38981506604693,2.1887526676580498,1.7600898269629923
16.883057969282476,5.778405869975995,3.8009926452451728,3.2619052787532685,2.8467997050255733,2.394908631274792,2.1714660865991573,1.8170538548607555
16.863159943861575,5.733052369361319,3.788889474220671,3.3572521227388648,2.848237453333714,2.397949041360619,2.161088254680689,1.8199978699734072
16.87078788846422,5.7184254127201495,3.7684491130083635,3.4410987602735497,2.816923181335641,2.389357019663249,2.1381693115010396,1.8129624554476778
16.82141003552197,5.684744091549165,3.745670195797475,3.4811772423038607,2.79800914363102,2.441551540665791,2.1298735018313626,1.8129778272497574
16.839496035263252,5.753704941059603,3.7031879213144574,3.4505064963727623,2.8324123105514194,2.4634765893714405,2.1503865367578907,1.85495265140679
16.811973302676876,5.720370954497081,3.6745135231841664,3.46833063895754,2.814970180519597,2.447201009056222,2.143588833646621,1.866246121069265
16.776553489408535,5.696413845962546,3.637967826010974,3.5125308107187054,2.8132482585491156,2.461789879254788,2.156529786592986,1.8822131546497405
16.940416717645256,5.724561776085576,3.625262734196809,3.507425050897687,2.7756980415383676,2.4065109722102713,2.1746912048071327,1.8935857147600241
16.917306602716664,5.691108152503478,3.6736603657553717,3.531143745829197,2.758614586884275,2.386957075557008,2.162454513151038,1.940464439334273
16.88212098434858,5.794082201464484,3.662799525017827,3.5169380257540497,2.750157037210683,2.380286739361469,2.153420690128153,1.9225110869456985
16.87298598014226,5.824332517568497,3.66262926835131,3.520402975348312,2.75731890631573,2.3745994536826576,2.140409194914063,1.9039930445916151
16.850702124462856,5.777477255076889,3.7801198293282052,3.540152931080847,2.7407808636689417,2.364638839221099,2.133423188016841,1.8949410905837893
16.888392726075793,5.7459067902873056,3.775079401244652,3.5202448549089533,2.72879150927812,2.397985006025497,2.12467304629725,1.8905957397996958
16.992437456890684,5.709932823005561,3.7507856215995807,3.523975815657303,2.7055238709436815,2.3737511616833316,2.1122219535064755,1.899665528618442
16.98087768613918,5.681792766162564,3.7336158423661776,3.50288004628531,2.6951814425905956,2.3609434613801237,2.1037507185625848,1.8926177669475672
17.044527586902397,5.622083967929621,3.759514145730884,3.565551435550575,2.6714732378195962,2.3435352453851612,2.0874319469738847,1.8907606155965362
17.002665016832836,5.620032483797237,3.738524906332452,3.588273980057493,2.6823218762893117,2.3561268966362277,2.09669452478953,1.911555467958228
17.043307538600253,5.593948849533943,3.721463571349275,3.567280439061808,2.6734125886185454,2.352292010080148,2.08708505778221,1.9087950608267636
17.05714411282809,5.5598366320933845,3.7043987928157156,3.551054466791342,2.659119680534745,2.349422584354194,2.102480505323882,1.910106584813255
17.0812294167459,5.536783195355362,3.6876362437999655,3.5399160627678383,2.6471029087500897,2.339052424094086,2.104491215936327,1.902643012106132
16.975455315902693,5.535404786357722,3.701245322123205,3.54214817160566,2.633671793231291,2.366379898630666,2.12040493400204,1.9254873945574953
16.982353624766105,5.5145663868914685,3.7045923446230735,3.5403861290197534,2.6221969448629063,2.350124276504057,2.1316724925458086,1.9301574601768092
16.954948231129855,5.535579619344297,3.6914596747293533,3.5112864926292024,2.6079289577509615,2.403390903857938,2.1155179200281276,1.91403482547872
16.995882927883713,5.498936503241275,3.6647368271887655,3.4863592495217515,2.600448473603279,2.4027409403482216,2.10959842745153,1.925285053752722
17.059701562291743,5.4401959493512955,3.645236016285845,3.4828066540103433,2.5952045815385247,2.3735303206289897,2.100111354569401,1.9629190486613353
16.9512468879389,5.400379127076569,3.7076259328065437,3.469374954872411,2.632732967867205,2.365464634027923,2.091641209521584,1.9545019421772554
16.967398641551377,5.35192215857726,3.691867702030366,3.4515775441656937,2.627908189638778,2.369752871753292,2.087375265910437,1.9585827442013284
16.97339680161012,5.324757542329666,3.673835210971054,3.4370196675088764,2.6342651151701824,2.3545585941889757,2.0744218528899703,2.0035499670257098
16.939653850110012,5.279774351491431,3.7235245462014683,3.4364513960823615,2.628506076723566,2.3349196373958074,2.067563248763051,1.9938512566132511
16.942072835950974,5.257932597808475,3.6964863653148994,3.4257739979137534,2.6245742056749566,2.3236979713770065,2.0625673323744347,1.9839906778789238
16.844366684884356,5.305499982975096,3.649159858100665,3.3949275684135345,2.6615950246673825,2.30702747551262,2.2494949901590258,1.9676430446564195
16.925704814563538,5.283329840593948,3.6589834511522557,3.3655191649847875,2.6458227336262268,2.3029203079262777,2.2660980927422454,1.9627298132819622
16.90920350113617,5.264042043518126,3.6640431171246766,3.343174167679817,2.6323696018531555,2.3602836949322663,2.258158943841867,1.9476681442468973
16.883387133449737,5.243456576237493,3.6490041439086567,3.3617751028559444,2.6553368972180365,2.36553536437108,2.24241929058799,1.9390878486393348
16.90613004915368,5.203098496739701,3.685161498344956,3.342605001907004,2.6616105349415307,2.3517452403301085,2.23151583178782,1.9470144728646916
16.894682132551885,5.18435711789312,3.666713470979014,3.32936631545923,2.6853731679335744,2.352706935524033,2.2381875240631794,1.9401420521744064
16.810441085840807,5.1486611652654055,3.6770945222266587,3.3032064970955135,2.7770842153952895,2.3268487901302097,2.2015481594902893,1.9294066258399443
16.758276730121644,5.101935651850454,3.692202834288048,3.3044397164165895,2.7536893014695156,2.304870346715134,2.246762786099524,1.9381301517865999
16.81691960763152,5.080301169671607,3.688633609431001,3.2935816656974266,2.7322278718637905,2.2958389835731268,2.2575997071010883,1.9111217601183779
16.82574475683073,5.055153812174499,3.708653280511634,3.2827033538037576,2.7221201645985555,2.2786744084582433,2.241494354028984,1.9067089945902003
16.868450587963068,5.04862005584215,3.6942755158731333,3.285619048479197,2.7283744542830237,2.2733662581573983,2.2289663642052746,1.9008221128435385
16.866670863650917,5.022401344588788,3.6735513162906788,3.2587286650320495,2.712751548312124,2.317990107641851,2.2274668408157687,1.9022962011198783
16.93169526415089,4.9999220777985744,3.6686133912475767,3.2431718347308514,2.7056356083039286,2.3432714562798824,2.214245891372629,1.8967620860095145
16.85872526154062,5.024835514978218,3.6640037758701625,3.242666045068869,2.700789881857856,2.333975849838748,2.2019777043770525,1.8890634883553983
16.808017345025043,4.9985192581984705,3.700298482944896,3.240302476483906,2.6879359799484304,2.345234112911723,2.179911935991366,1.8972495446456417
16.717035557418363,4.9870273579670545,3.713090300810749,3.315981582199452,2.6964317987935384,2.328666505203113,2.1886680560356337,1.88796149259973
16.679428555779225,4.975745761821152,3.712589615866036,3.3301025124055212,2.688293441348229,2.3126400463990073,2.1791563138632033,1.897364193124555
16.787696311013335,4.95425096900742,3.6952418970865297,3.3386691225042933,2.6761721761143216,2.3011156535286568,2.1722870719513465,1.9017230554422793
16.70202885039945,4.935130986359265,3.6827875009564996,3.3251798478305123,2.715500895737015,2.299044161124712,2.1955949649617357,1.9262643626918003
16.723229264059817,4.915806955243237,3.6739122567919527,3.3116112298510334,2.7042252512489044,2.3075591615313047,2.2049044108684615,1.9181279763037271
16.682261222258475,4.89071048855652,3.6521648039201247,3.3013696304268754,2.710778096569333,2.33151228633861,2.21062328188864,1.9099458093207222
16.67488633444276,4.840696441530124,3.6498268230132496,3.29682545002311,2.7224903107425718,2.3278200392740382,2.2018210892397803,1.8916843563818102
16.63167789793824,4.824647542300033,3.659474531521275,3.3320031004587634,2.714145781883647,2.3473571807304383,2.189520992299838,1.8837844861725732
16.594560288314447,4.804876943882672,3.73997475934203,3.3391520477875676,2.703480175828203,2.341855410425657,2.178420740902494,1.8757389176336912
16.539625087152416,4.795063146496869,3.725721590166494,3.3273049627564704,2.702565892130639,2.3282578660818447,2.178463413103592,1.8735338115306175
16.550317971532763,4.800698472527493,3.7077006606247593,3.2953623012344453,2.7028079596614143,2.3112060366365625,2.166772582424741,1.8930907130656092
16.505919211793973,4.884186752003139,3.6844874421651275,3.2799017888960824,2.6958162304885374,2.305472208079546,2.1615366339257585,1.8814890018525274
16.476863554191127,4.888672997570289,3.685596552346349,3.360558584437809,2.6739345781213917,2.287995745186295,2.143723016909018,1.874381174913921
16.480321855855998,4.880002925033416,3.6634298405192443,3.4020758417997006,2.687288134792455,2.2826080491668574,2.136217301661896,1.8929176065019826
16.475433721825816,4.902020907174769,3.651897469623388,3.3974028183761247,2.684926801129242,2.3058825025256575,2.144019164890599,1.8915584636091969
16.4734382407622,4.8894374923922275,3.64652029933764,3.412358426374686,2.7014009307478144,2.2930306777922955,2.137169834510987,1.885762306155348
16.465626909774144,4.902164108988746,3.6387332765663274,3.3681211274266944,2.7194870933817485,2.284522403285784,2.1356041530285705,1.8781871961925862
16.505908025202295,4.873130940630473,3.640297017820478,3.376798519177668,2.696537749132816,2.3248225346397478,2.1216542535568355,1.8763837408157988
16.511665630810086,4.897078057126837,3.6438602740249957,3.4123177883941374,2.683009851466381,2.3076042021001313,2.1137297508263075,1.898868857622099
16.542172038073033,4.853658830443058,3.6118656392562247,3.398996261786696,2.7849714160138106,2.29051431090294,2.1040539596763996,1.9006686373105521
16.51274557888849,4.83968082301079,3.597785583392603,3.398927451991352,2.7754470477483437,2.308887504268279,2.0964792195942654,1.8949300476045938
16.538228547074,4.824741581840948,3.5836695197020823,3.4116554788914173,2.779033494322757,2.3343011145946626,2.112216877863901,1.88913320122394
16.569630265086744,4.805362429552053,3.596860746382264,3.402851434928119,2.7651178386981785,2.368683409150013,2.1081504608574293,1.8758878797098126
16.626726212502312,4.785100342291484,3.579989727503586,3.395467068224223,2.779944521387817,2.357052794827518,2.09784083982878,1.8568468476200792
16.638821360117092,4.758743681445631,3.623378551470657,3.4037500184535503,2.7669601742547645,2.373024858012509,2.0862132235536017,1.8740767337006894
16.652404328282984,4.7202550843056805,3.634673367188211,3.392345574571873,2.7864824677807563,2.3807988158015414,2.0855331681691496,1.862224774359206
16.689234148604626,4.7000815324288165,3.6203024039439176,3.381649992941658,2.8161522829442247,2.3772757992265374,2.07689442084759,1.8597095879523355
16.690775040239572,4.673088651880104,3.6029198543412138,3.4336963715243956,2.7999417158716065,2.413454463633899,2.0703277983436226,1.8559237867689713
16.709472639998722,4.6885961372073055,3.585367138481847,3.4498728953443534,2.793202705895912,2.4165856319678563,2.068080726188896,1.8692332969637817
16.802477057761823,4.6700041351147625,3.5711717816321165,3.4443353886922794,2.7822570586307784,2.4092030076041704,2.067045372218589,1.8645806066593622
16.896558268668336,4.641111073175919,3.5477959765698897,3.425258072511787,2.758705286757012,2.3955612813540577,2.057863398507832,1.8524770971517084
16.957427239938482,4.610400920681215,3.54933293457446,3.4234664841975544,2.7465424610598053,2.384187555918823,2.065144260184916,1.8459796958761412
16.954480354306945,4.657938068884757,3.547507358085438,3.422017865053797,2.732871769500257,2.365056753139237,2.0616116710798535,1.8381414432244711
16.896409211577733,4.653683036083089,3.5822516593500433,3.423077193447377,2.730527994505609,2.363980639507169,2.0611776755547746,1.8335010695764007
16.896807825317765,4.63810631250025,3.6326267169022293,3.4189636485592523,2.7217799274019967,2.35914688597762,2.057419944966373,1.830124931394117
16.913002769386374,4.645339738396073,3.6142335654878384,3.3975343209538136,2.713844427373868,2.3501728622996834,2.059146306041156,1.8261904502062558
16.930381734581402,4.633381400979861,3.616434987027666,3.4016315426675785,2.7045442807128346,2.3417368408313464,2.061622919625476,1.8699689220388738
16.92796418908155,4.645872019734666,3.627947556817336,3.388248454664923,2.6919856015617287,2.344070953427267,2.0540121529782076,1.8771006827926981
16.889295809440306,4.628471174216182,3.700576000470399,3.400595734317354,2.685494247634642,2.337520916328636,2.0495848606629825,1.8711229704282175
16.910659307413326,4.62245280780377,3.684361849971822,3.3931698299123236,2.696923081569457,2.324185324594493,2.043284578501537,1.8645035569018753
16.919601344488285,4.594157318564013,3.712721856079327,3.3859517336385268,2.684274299447848,2.3167172967835716,2.0413876686700814,1.912744376508109
16.928102225224038,4.574256932932574,3.693638642737833,3.3753290038533157,2.714693398223785,2.306681472418131,2.0358530565672943,1.9090111325938337
16.975602435838063,4.578273330607354,3.6572302688108467,3.4543497109901775,2.7004699145032802,2.2984906109818053,2.031225290749055,1.9117260918644203
16.993559844503494,4.558913295827125,3.655346858188643,3.4874518922641005,2.6913953985169323,2.291514667034271,2.0310813281742077,1.904496942231245
17.012928579963038,4.552942614247694,3.6463844164464243,3.4982218053407506,2.68106046968561,2.2844166167821136,2.025207681177196,1.9007846794900063
16.988287546372604,4.551505833118155,3.709375384392408,3.480221015602656,2.659213235723591,2.2683869611034635,2.02420542577243,1.9366814685151748
16.997359657468643,4.547257524972569,3.702828195286489,3.5002054525602415,2.6842137591927013,2.266942352523226,2.0131431201522183,1.9311156844037398
17.008880250863527,4.638400831705823,3.7134178987479296,3.479319521902623,2.671120274479531,2.2483309597723844,2.0089116297299308,1.9219828234211926
16.98537450463089,4.608554681752969,3.8025130227338315,3.4770694113586758,2.6876147288960395,2.2364311514279605,2.0051560904862877,1.916506329786109
16.961530619955575,4.5911937639612095,3.838142229260433,3.4791229151693397,2.681034406499707,2.2278190702582665,1.9985105480655956,1.9076199089006405
16.947146442708657,4.589164378054816,3.813826104516347,3.493128876250294,2.7415193830842384,2.2237896090070626,2.0053426805181203,1.9015277500222358
16.9323594425232,4.580548154974359,3.805955334414338,3.4825938347447427,2.7586573329103663,2.229858821975254,2.0006268733340176,1.9021360656636719
16.881233719163625,4.563718181313584,3.8110429836598176,3.463064395923729,2.8518191284844434,2.221423591665638,1.9990244261867385,1.8979060369098317
16.891125523105416,4.556519679037045,3.8091513436019833,3.4509648597916307,2.866000924400684,2.2238423911722878,1.9917016546288617,1.8956553233670437
16.883623824942177,4.602207820921457,3.799624925955189,3.442865140818387,2.8606779052390308,2.2213803669319443,1.9901577950902596,1.8906046070070497
16.88846637184163,4.601343871031558,3.788923990840642,3.4463254627387157,2.849707430755271,2.2100751589822214,1.9961417563380701,1.8823886784547528
16.845431452262787,4.580517628878614,3.7984184368825873,3.4461221273807836,2.8828840700706353,2.215887643536676,1.9909996375158998,1.8790083564986901
16.866663838770734,4.564676903217373,3.799160888041327,3.4406261425080817,2.8724660600752516,2.225998513922124,1.9857565845158724,1.8686531849091321
16.866068996312322,4.549343731510437,3.803287805294255,3.429191855976733,2.8778617463837337,2.225053562807509,1.9782132002029043,1.8689840549516734
16.83453926595373,4.578106400562097,3.8252463705922177,3.4109088202528244,2.8656903836268866,2.2643908862637883,1.9719241807684182,1.8535756192904513
16.861859365315112,4.555248034240659,3.8320891212711223,3.4062973826707004,2.8561969225794277,2.251627951043864,1.9764861135497604,1.8529395623510638
16.86606059809114,4.577976157824551,3.8279062193406235,3.406770447775221,2.8465841646878483,2.2399619956829575,1.9736100189661656,1.8474924302677458
16.84172507140933,4.5748441284600165,3.8181853044578524,3.4044248498993026,2.8432292003423276,2.2437126211586063,1.9951088291526815,1.841695958099214
16.821149500277564,4.560211453232061,3.80478030057825,3.410227540137621,2.8428661334810448,2.245449721889596,1.9945217873728194,1.838792701704078
16.802572091336494,4.540464856902853,3.845826237026854,3.440980574467474,2.840905460477269,2.2408362168826264,1.9885832458963795,1.8349590553422859
16.784746685963924,4.578011161116894,3.836293533263903,3.4288487889352477,2.8315351778787514,2.235339700436741,1.997658578042902,1.829066690586673
16.732945067835544,4.65371487658933,3.824283085827422,3.420614681741667,2.8148319855009953,2.2372596165706238,1.9858829802708877,1.8659323564768908
16.719319468232996,4.6400263573474945,3.823070174853647,3.4260401248291568,2.805694762872726,2.2662219214343864,1.9806427499580934,1.8603113092385388
16.7046170943514,4.629286789454403,3.830366793380468,3.454314825108255,2.798958177985985,2.2635182034889,1.972236310603319,1.8612260141790176
16.749580745159868,4.6162917413137965,3.8184464681192933,3.4418955035471845,2.7822150423729806,2.2542050207630893,1.9657411658594246,1.8823337814400736
16.706188597433197,4.583226055220763,3.8320381738143716,3.5591742744169563,2.7639032616978296,2.254555332491724,1.9518242900146963,1.8722850553672559
16.73162696605904,4.572282380202523,3.810804070562737,3.5475470735060455,2.757898932131729,2.2440329359305293,2.0160871802373985,1.8771178802894595
16.72677609395273,4.574680353897488,3.814930212247347,3.53838619314583,2.7540704018362874,2.264087011254446,2.0081287843143705,1.8866552016396732
16.754295915083894,4.5498945587964466,3.805290838567074,3.518380205586461,2.769145515726522,2.2622865132904018,2.002984319460162,1.9064020490526379
16.743618897447554,4.528763528530744,3.825561576044099,3.5155627246794823,2.769852861233213,2.256340470291333,2.000104481648383,1.8970214131019414
16.776605617227503,4.524437744624715,3.8212597730384554,3.502169752358904,2.7579622865381435,2.2552170910090235,1.9973320098758018,1.8923781547405376
16.76503067833697,4.521289991274907,3.829721341646674,3.4966576322944,2.774098577939852,2.260266122278292,1.9900856513810887,1.89473734542054
16.80310390112426,4.502645467776855,3.8316434666184453,3.508622290140526,2.7672047782645173,2.248630486653311,1.9916292119170103,1.905088868524797
16.789610377646483,4.491215448239257,3.8709817140551888,3.522996889687839,2.7669881711791042,2.239852530900911,1.9860910643406813,1.9031988700287814
16.765672544905428,4.478048833855858,3.8571775345887813,3.5370267603830485,2.824567437045835,2.2354265244773623,1.9745806733548215,1.9172759387170157
16.75405940915975,4.482889362316296,3.849095071789806,3.537643394599926,2.8310675743307145,2.2329991774504134,1.9730063756595644,1.9096177972606518
16.743376882139813,4.497144698995211,3.8344771763096333,3.5273168000244177,2.8154477636665893,2.2488734216632267,1.9683296612901517,1.9069075811248073
16.76371791768768,4.48240091870141,3.823326358765929,3.5181498692067414,2.8108367886343126,2.2419332708025856,1.9642645486874268,1.9010342028448328
16.745383125100822,4.5065667979646165,3.8146185531820906,3.5107790589664916,2.812148654396921,2.2369901260519054,1.9590974740708202,1.89865577054706
16.756471142456256,4.488905525047819,3.8077226952689807,3.495589911519613,2.7963967228322897,2.259985927410006,1.9516704257693442,1.8901990337360928
16.76535812687917,4.499219997444001,3.7807923657965423,3.4772032503716845,2.7830666228985477,2.2508743841785215,1.9875935726512908,1.8801926437199912
16.76169330251149,4.480475115310494,3.8209920012118186,3.457504789466295,2.7942544334692023,2.264972139347403,1.9842833303757914,1.8757644237122386
16.763150563405958,4.474317190300177,3.8111026674669835,3.4470988730957,2.7888774791304902,2.2646599048896796,1.9833446412590918,1.8749886730624807
16.748196737036125,4.52340456612078,3.8093182864612394,3.4317952687068547,2.7758532808598337,2.252895589264261,1.9772486159665115,1.8679952966986095
16.71419045571895,4.562461381123455,3.791551007308271,3.4217048611268592,2.762117169676582,2.24692459047189,1.9693589208145694,1.8856836867122837
16.753515383667157,4.542790105659721,3.806567323288348,3.4463462476930182,2.752696592388256,2.2377837296410426,1.9770009626971021,1.8820493305233692
16.760130270845053,4.530272846372812,3.799746169760373,3.4441021538292076,2.7712971233294343,2.233157376724325,1.9724304354060576,1.887139518939035
16.739176588075857,4.529731231146272,3.7918456304160313,3.447742293666175,2.7664922485563244,2.2357277027922176,1.9840458570771355,1.8812282257086599
16.72369604668654,4.515224199138238,3.7780073934186262,3.482594744330222,2.754264441062233,2.236675296356136,1.9799917770177127,1.8860680544910042
16.696563501356792,4.53529054635975,3.7819693217979107,3.47649397951932,2.768204833295762,2.229379370996414,1.9720365799501567,1.8836556649781766
16.722566620369903,4.5469433484978925,3.761243922832548,3.4982132460474897,2.7592157951583234,2.2224189378494454,1.9821125197548017,1.8783740966223044
16.71383680087959,4.545108571196714,3.781597791869776,3.5085672091609177,2.749474573874955,2.2147047594304876,1.982036785084813,1.8720885845547433
16.74873560001498,4.545958770121288,3.7856697903653247,3.484072202895874,2.7432370722714445,2.2268275947426597,1.9883995683986215,1.8668216118467327
16.71626238183088,4.530519106300174,3.8539851263183085,3.467985415707404,2.7417149486690127,2.2197123419203644,1.9872850478361073,1.8735951652824538
16.723447955964154,4.522592653808983,3.848957305763239,3.464416645368866,2.737367579071158,2.2253913555991094,1.9877390606247816,1.8780150621652245
16.708273249260344,4.505182825506168,3.828230534438877,3.453665146790001,2.7837425458941594,2.247687424462483,1.9811027246236839,1.870996933727364
16.630549644772778,4.485510263743034,3.8209759132827616,3.503365952189255,2.7870920308812828,2.249654018594666,1.974884600914949,1.8946794966992968
16.574277016440647,4.507631876940597,3.838469011333314,3.4948331939076205,2.8308457742545334,2.249191602385774,1.9885816420408904,1.902469449912042
16.577279104498153,4.504018149590536,3.834728097590626,3.5412895541845963,2.8290147266114296,2.2440676606884145,1.9909176796731678,1.8985228034939965
16.582161348115456,4.519582586909136,3.8186565752645256,3.52749980926517,2.839792991337493,2.2431889440961275,2.0070163129210767,1.881108793485576
16.607575872056792,4.507768692344477,3.8401047233699637,3.532629294642077,2.8297384493537168,2.2330217424294805,2.010278117245283,1.8956987390672184
16.576703516812806,4.495688701935583,3.834066171171438,3.5330613138153586,2.821024946932477,2.265825972115821,2.0036423797482428,1.8893078336846179
16.579899262742867,4.476876185999979,3.8219352140592155,3.51522600497327,2.811904399038851,2.2687603922227524,1.993900255955201,1.884926809118408
16.61572502040181,4.475192280181179,3.790232137444133,3.50213561545329,2.801189118289,2.2549832624806454,1.986763866222787,1.8931033785061664
16.615031793608964,4.488692658155664,3.7805639956743895,3.495944244186378,2.8262399193410674,2.251705580303476,1.9816403327248076,1.8888927713154045
16.639663402608257,4.485939792250647,3.782260500634563,3.4869263625442852,2.818788491490271,2.2447204833307715,1.986399729997604,1.883364717769028
16.622470811990873,4.504467731079545,3.7720055413904916,3.484498743214054,2.819046147598578,2.2411145145867266,1.9847813121750157,1.8797952115161025
16.608314003302418,4.55048653199945,3.776960836049863,3.467721540292022,2.8064026894081193,2.237292005341911,1.9858609760307586,1.8735281566863902
16.64836910072262,4.547723106893201,3.762278273706235,3.455340803433041,2.7990654211933332,2.22815510286933,1.9861990197599442,1.8718281686783849
16.609695107406836,4.540737388481544,3.749138176440993,3.4463859479322574,2.826564334729853,2.2234559848133784,1.989050624759052,1.873736433740105
16.604967409432874,4.542182922583249,3.7393640128440975,3.4405698429810734,2.840987112585495,2.2198070603123212,1.9970501854059446,1.876089742294723
16.59835844700759,4.525327487772737,3.7371505118074917,3.4269871220263077,2.8339853338215146,2.221332466294423,1.9923098624203421,1.8702446697219641
16.586408059425167,4.517710770878505,3.7297905343087114,3.4670556194726125,2.8240831227456855,2.2187876252053527,1.9953909375140513,1.8646929140518904
16.580781184718777,4.504040476718426,3.7489109399991265,3.4550881092714953,2.8303861715263734,2.210152027423146,2.0140606138622905,1.8587934458441777
16.62532471898357,4.483170166266987,3.762316123655501,3.444601322171446,2.8209093222644164,2.1999327982545043,2.0043246086129662,1.8471051420046984
16.657186476623792,4.469064529475688,3.759216417103775,3.43504600527511,2.814097640228696,2.196927351738158,1.998528140885882,1.8507229221935368
16.679189018170824,4.456578211517913,3.757587147927309,3.429934593622835,2.8044128903494228,2.206062283030299,1.9970530379822822,1.8550328462478938
16.630614625437687,4.505028708848592,3.7429588849029716,3.443858457765485,2.787991691905294,2.192077064766112,1.9923251720976087,1.916503047908692
16.608229317951285,4.518662643828728,3.7783181650132245,3.4238616361710434,2.784769467497803,2.181891995402201,1.9824389431399612,1.9096969979925262
16.63483398715197,4.519770026821067,3.7693492880710497,3.4323968605145896,2.773839514289514,2.1685980664592233,1.9744084252115623,1.9053664424800565
16.621054931130907,4.523671482633768,3.796963493379451,3.4225052602839843,2.7670540439587663,2.1641473024902673,1.9723868478786497,1.9140006358426966
16.624007773230645,4.524813618555875,3.7795172428744177,3.4312641929572467,2.762287782419773,2.1568464037487396,1.9790459439493928,1.9108435061244182
16.620472100651263,4.511327084898745,3.7916238750055746,3.4580584817414333,2.761842157147436,2.1520306282142556,1.972563275537529,1.9102413981705773
16.59521920072668,4.50291745250343,3.808339361804604,3.462180688137316,2.759644742144598,2.150371917168764,1.9681096714362059,1.9139041407251753
16.60248977993392,4.491187599051035,3.801610062984364,3.4431092694772203,2.742823341413774,2.156103343047624,2.015761560940443,1.9066230316081008
16.591583183418486,4.495229147683963,3.813329372265808,3.4765583578757218,2.736978779766922,2.1517356306396134,2.0120810676960628,1.9036099380790585
16.57593053775544,4.488571667519153,3.7999683649061597,3.459695449893002,2.721147349475049,2.1361795425463956,2.046490864149078,1.9051849251441824
16.562600890865227,4.487821152090897,3.805167820534934,3.4634867432676306,2.7159511467591306,2.1494242029414283,2.0490411844545235,1.9019792287936264
16.55518868524441,4.499564465996986,3.7973457962594415,3.4697424474881973,2.7094163476643383,2.146120463823236,2.046741990919132,1.914185889320896
16.554526063634732,4.506631448417076,3.7822431990856638,3.4785666909961397,2.7002694609814286,2.1551120100175347,2.0579811737024225,1.909642341587586
16.528528189560525,4.5067855977730975,3.7741345162661157,3.472786627449101,2.701519035181888,2.150439869357069,2.0518177824562227,1.9074076714076047
16.532183452833472,4.486936036292677,3.781673965850344,3.4817194511142846,2.7009082198786585,2.149707330343011,2.04484748969055,1.902684133760532
16.538913264607025,4.496684996270128,3.7777716921442783,3.480733424787048,2.7021008277983745,2.1461354337305387,2.0495260201378187,1.8986415416006541
16.563369921083655,4.500042960528853,3.7610686747165705,3.479218992478142,2.7134061206338647,2.1413569836414355,2.04624606024985,1.890832032728241
16.550017335062094,4.5052285516320385,3.7551588552703286,3.4815995265825492,2.7110245432026474,2.142018933303369,2.04331763028003,1.889527348084611
16.567394566746955,4.482410933118164,3.776802715543019,3.467142908740099,2.733333101931234,2.137437545691779,2.037933041499817,1.8898958376886916
16.557845400716474,4.481115733221539,3.765425014989156,3.466752201758271,2.7272564372421666,2.1481045353468464,2.041011296133175,1.8926082025094304
16.570329903513162,4.493893198910085,3.7594474327813012,3.4612490408034344,2.723879692570198,2.1438143741771625,2.0469169183237828,1.8888168761320636
16.546886710949423,4.5031369378760875,3.7540737484991373,3.474071941417879,2.7260733298681767,2.1400696658248246,2.0396855419177915,1.91395115375721
16.533828941305167,4.4904594676948015,3.8012666845778034,3.4626639554001737,2.7359408463481474,2.128025119588335,2.0306551547355833,1.926730393416314
16.54039148290981,4.4862778795445575,3.8068572954202065,3.4899891234384164,2.731559045618951,2.123620594241544,2.027078331084147,1.9214028380267538
16.540268553159066,4.5026722531780035,3.8046233021844778,3.4873064966526317,2.741488881196517,2.142363402779109,2.0304472741670616,1.9134369817278456
16.530767505787743,4.506473121497061,3.8156936869815015,3.520623290091847,2.735625623701737,2.151460084123342,2.0251144330808786,1.9045024461073454
16.51641922840078,4.498990017148408,3.809966229137397,3.519821127445128,2.7814115492243783,2.1399296196117934,2.0167046437964866,1.8997172129425985
16.516420513521723,4.495574404685504,3.8061547308938173,3.5421846197018474,2.7978536428420844,2.1338201239586887,2.02385027052553,1.9014648177800408
16.528580846609152,4.490485114887775,3.7861747432308555,3.5366686664271434,2.8266467559693007,2.1355369530853148,2.0314223759622725,1.8963059584259143
16.533765588167753,4.489549316563238,3.792275721103403,3.544583797266835,2.8451372327218643,2.1330211013656197,2.0263209844840224,1.9027863316042046
16.517989771387136,4.4779854531775225,3.792620544916357,3.547821352836418,2.8397106127746428,2.1346042633330704,2.024460657977813,1.8982563066674483
16.50497485064863,4.497147653478374,3.788536681723809,3.5463950064059513,2.838689644642259,2.13031113928102,2.0217938133169016,1.9016967172547166
16.529373052394483,4.516076205048529,3.770061032990736,3.5457056731596315,2.8333102564677466,2.127747547951182,2.0154091751907237,1.9193979622818103
16.51791043074894,4.509684003659186,3.7924251186751343,3.5405275945138435,2.851638748543169,2.11898689702238,2.01455012843172,1.9177571746081825
16.517872464292672,4.50326698839765,3.7882085604230826,3.5464378016661495,2.848492681884962,2.115425104169045,2.0111382865755423,1.9238841985047217
16.493896979701148,4.508198986552692,3.790580825333533,3.547179383996966,2.8416360188377148,2.117930730768868,2.007466315931268,1.9230680615872566
16.486669539709062,4.496398980655565,3.816356698667849,3.542276729882559,2.836001615717035,2.112910276182216,2.0085069405615514,1.929212618895669
16.464781998488355,4.52184437398015,3.8063965542676383,3.5420500050674053,2.8500006090331196,2.1088121318287434,2.0074994811111844,1.931096648349099
16.454854218468114,4.523285339670304,3.8044480498406226,3.5354860886516226,2.8462467854387787,2.114790080319922,2.012954932848318,1.9327827162749194
16.486236917742268,4.510022880158559,3.8010187224104217,3.5325804298378327,2.8592647396441393,2.1028019625092833,2.010786487615853,1.9285140754294188
16.53714276833935,4.498198854398524,3.79591516944104,3.5241497944377707,2.8555945302361847,2.09661927969156,2.007236032430366,1.931639588094152
16.51613569649915,4.5003519438369946,3.8465945165724333,3.5584523872332694,2.849201806562948,2.0966516657897403,2.0037814403104566,1.9275492027175642
16.503108830975854,4.5228224747630765,3.8502430971834554,3.582153345739149,2.8416264478905946,2.093148666889031,1.9958942879003378,1.9235843906328567
16.496391715054173,4.525851461004567,3.842248982203603,3.5833553180279205,2.855907305746597,2.09390494978475,1.9920269762956084,1.9185728457607816
16.483731900875405,4.516689954151833,3.844831925295056,3.578857804990613,2.8988231215556537,2.084453328470092,1.9900733135996704,1.9149736807493245
16.465640831342455,4.53928565775009,3.8333208443624454,3.57067488249712,2.893128437547845,2.118385269786466,1.9873310198500866,1.9178906372083588
16.420333253190584,4.539224979695025,3.826610387756946,3.5714373735871106,2.892711318751166,2.116669335302742,2.020177814692081,1.9340081822400381
16.41047252017787,4.545023474772627,3.8168008598498986,3.570130382609718,2.8880747950735364,2.116893027801391,2.019927604703475,1.930082468767491
16.428958585334186,4.542375457121365,3.8234434032607236,3.5649971963251796,2.8838304678391866,2.1146519163022974,2.0191213844077227,1.9277565747369336
16.416231828981296,4.536625176659905,3.816851452968113,3.569311396353135,2.8808299949067564,2.1104294095812524,2.034186244098599,1.9248084189295065
16.393237889236204,4.523314112571073,3.820271514685182,3.5642279425447114,2.874479635271186,2.103853876662257,2.039947361936577,1.9266733987694222
16.387425104576955,4.507425766048579,3.8070377696091504,3.5587004884006594,2.891634089985799,2.097263235050016,2.0374455215958784,1.9232719396828066
16.363328210760834,4.504740154854444,3.824429806174957,3.567000020334758,2.909659481164736,2.092748636500842,2.0429127954771227,1.9197876175040016
16.336865971007,4.501695043553786,3.8552645912472,3.5614398734771067,2.9261333416014375,2.086528753164516,2.0383171229499455,1.917612042176166
16.324323727133567,4.507449090536502,3.8544187405292356,3.5802121884006204,2.9399789432249053,2.082261051773418,2.0341621349341503,1.9219468621259734
16.310988085415005,4.5259327814478345,3.8547558899802334,3.5751729289794114,2.940980703818182,2.0789335901361565,2.0325482050925454,1.9201455548897182
16.287024854463823,4.542858454386012,3.8416992093148328,3.5759244414061744,2.931046965162219,2.114920713971722,2.0256820180695065,1.91333853980997
16.299573976652745,4.5323799658761725,3.8364350492446264,3.5722508705803087,2.9280069685151107,2.1112822282550345,2.032033541894608,1.9107735647180033
16.27782321457471,4.527929971098704,3.8312110656719094,3.5700352141494567,2.929137517768492,2.106309720458837,2.0294383073879865,1.9084967872097849
16.26197254944934,4.515503910236928,3.8225186068784507,3.5822390657578667,2.9336138765236575,2.101546966687201,2.0229135758299606,1.912548536659808
16.294134688176108,4.509608095842925,3.827927247519113,3.576937596024631,2.92717993400493,2.097035226470491,2.0213082813759513,1.913422938338196
16.26447448447778,4.618605260960378,3.8520568772589305,3.5608680829659174,2.919545654041724,2.081017064663582,2.028947398630911,1.9016602964595497
16.292997612672487,4.604130874302394,3.8420194670453305,3.5734358885621527,2.911250841745254,2.0808635171573924,2.0295346547105955,1.899043993738817
16.291001475021005,4.591265415355865,3.83298040229625,3.5878617603166387,2.9034908832841584,2.1103714103491233,2.0314674461395255,1.8987183867474293
16.271268655974495,4.577749476064479,3.826928495364259,3.580924251205024,2.8977580717855744,2.1195897348804866,2.0319760995100737,1.8934737210813157
16.27393211203603,4.561503305984928,3.8261500922797684,3.566114902519605,2.8898718955213036,2.1191011456512867,2.0569325268777097,1.9085975415597145
16.270684454843497,4.562680487485874,3.82015225919311,3.561266506287544,2.881698170606751,2.125528242764324,2.0664219919917253,1.9024001866940612
16.273817454067952,4.573343123617105,3.815335141551647,3.553701477193776,2.8848873141520466,2.1326785655564624,2.0708752449758028,1.8969584066265146
16.262952307422406,4.5637951708520195,3.8150209807362696,3.543592569344936,2.8832125012241603,2.130905970309668,2.0730216527981593,1.8928096164969648
16.24470505998471,4.588569099950588,3.820817905590282,3.5401747473581624,2.879833656548244,2.1260131145501555,2.070402074631014,1.8889273479743758
16.258866663844636,4.589230018002807,3.811458458825055,3.5314656736872636,2.87051706641157,2.1235358982472596,2.065212095385124,1.8837818891860705
16.220324939232846,4.592091168036161,3.819301431946825,3.508863586448401,2.915560802871571,2.1186851213383373,2.0599336543709215,1.891135958290669
16.220579332575326,4.581334195749276,3.8334284900895246,3.502432727224291,2.9059923283115827,2.1131094856069064,2.07566978225218,1.893618807888254
16.209484140488392,4.626836336262626,3.826151978174703,3.4952286902568384,2.904067074468684,2.1196131454253555,2.075167906963278,1.8883700551307705
16.244634989877177,4.616550960075699,3.8252917979621404,3.4872457937709607,2.897239825664652,2.1262232322519248,2.0764744683747365,1.8829158540943614
16.23342355209093,4.603860236466099,3.8154372278486783,3.4785570773606915,2.889110065314508,2.1212118343133963,2.072317285671549,1.8790233899901019
16.238403268557818,4.593393906334965,3.806596793596816,3.498777114645008,2.8835775541254467,2.1394111842733765,2.0677110626474837,1.875933276703787
16.219885152519964,4.610414356481963,3.806731957643994,3.507278523327965,2.880775866598607,2.141019671599283,2.062358122978699,1.8879946833371106
16.21512932210036,4.604240854286797,3.800164713950589,3.492348703181433,2.8874706114562017,2.1360848522623512,2.070840274766344,1.885499523736746
16.20474932674156,4.631354674034478,3.7947121240759736,3.495874615149695,2.906775417713156,2.1314960767377036,2.0671814562419693,1.8809397218780695
16.203717509069463,4.628271027861858,3.8129124804563808,3.492677815635705,2.910249984852875,2.12569115823192,2.0639657108679863,1.8738311632196178
16.22229244773344,4.6415967540990675,3.8006587588455805,3.510416255590254,2.9090491654127835,2.122157138856178,2.076702920524109,1.8697150829432667
16.215252782096883,4.6346653783734215,3.8012488893313336,3.507639494576034,2.904863320757256,2.1233656284182705,2.0748654024514623,1.8749344256118912
16.201977067374067,4.6227292102249375,3.802315025431009,3.4979612880128292,2.901943965165179,2.1212873587190026,2.0699420316894495,1.870747491448478
16.188890010755113,4.6048793429841535,3.8611801513701973,3.4917753960082645,2.888122868170857,2.1607580110452345,2.062676462921931,1.8617016083378024
16.183214822055223,4.596567717152977,3.8540346659183182,3.4893216229190593,2.891772795382656,2.160735693406417,2.059470158378641,1.8584566702015868
16.1679129821294,4.6255043659091335,3.8448587879209524,3.47049249566525,2.879828673137192,2.1529508612719614,2.10375879636674,1.8732621201024153
16.163098960068382,4.603870547551821,3.843541411300709,3.463512386901069,2.8841338042620515,2.1483556828916464,2.1061209230160682,1.8706296414246635
16.156608813646464,4.610715121490051,3.837060489270456,3.458438352080631,2.8839976362015607,2.1506615276234866,2.114043631439405,1.863624818654001
16.158586391315335,4.602794778727276,3.83532946502114,3.451153259739807,2.8757446968589786,2.145130106922315,2.1109806814068937,1.8687994916585648
16.140463044196032,4.600364050589533,3.8746565581541614,3.4476854175199367,2.8750803019718876,2.139139903372505,2.105615916649508,1.8637709360989343
16.16066533504057,4.5848534053272445,3.8657841799739794,3.4411558554195447,2.871566008293792,2.143155158843759,2.099492989300561,1.8589305212735492
16.157537189533727,4.5799631959299685,3.8679459896953516,3.4357143388461098,2.8691604769760524,2.145577779565182,2.09973366815478,1.8653681737016365
16.153831916185514,4.584889807736268,3.861040842331385,3.4246949764681567,2.8669965858946638,2.141289991668294,2.097069942934502,1.8671063149589222
16.157396318201425,4.603875077537085,3.8531435373218343,3.4393084281732795,2.8657471352868242,2.1369105246778557,2.096922568943248,1.8599414808626844
16.127717095645977,4.5993410197300175,3.8478475227620823,3.4338743533871883,2.865259811453843,2.1738106110666853,2.0932531250781206,1.8517925427168747
16.12629690761284,4.595449057281584,3.8436146194913094,3.42836159539846,2.8627698814456632,2.175967774654151,2.092997381101227,1.851737574996066
16.116572763749414,4.5990939866354665,3.8385404604134137,3.4328983380498923,2.8754530812306056,2.172800427950377,2.0904479931688185,1.853780712161439
16.116218790228082,4.589048296946867,3.8351133841440577,3.424501884137046,2.872217657851257,2.1698834053812823,2.1150129033758294,1.8556453227041523
16.091909328117783,4.584469531605395,3.851594844417188,3.4285467610257085,2.875976816223312,2.170962836926487,2.1134005786941055,1.8657445643293173
16.083732016566596,4.5774981635556475,3.8641480897641967,3.4236447098263545,2.8700598718555588,2.172587833641183,2.110262133815849,1.871354414257887
16.102678972465366,4.592852195742477,3.853287802667183,3.411300677525567,2.8694022740993397,2.1701236336994914,2.105479789318737,1.8698901434111292
16.100260271197612,4.630442439335836,3.846997585315806,3.408223937183764,2.8704013017668357,2.1671494240857325,2.105726444055775,1.8654924173991088
16.111634398341934,4.617496621754979,3.835129554448304,3.4044338029302557,2.867488328531648,2.167660488873217,2.1028716273353,1.8619830789435585
16.108922087297785,4.630332069004837,3.834110730118629,3.399329925467181,2.8803980981317396,2.1649004416674686,2.1010750314946502,1.858924945704674
16.102141492536916,4.627236717775061,3.8302962722376304,3.396035391608878,2.8838717320124108,2.1794896097956675,2.1015698189928127,1.8605075790791652
16.08691835216429,4.629133372598515,3.8257529346287087,3.3908010776626565,2.9033762414018884,2.1822780806854642,2.1064114074108304,1.8585518979156717
16.06362763560146,4.622184294793277,3.8316330280230195,3.399498799867742,2.9058915582554095,2.196407778370687,2.0998461248524576,1.8532882692547383
16.054704210611273,4.6299943088138775,3.805883983201079,3.414810852698413,2.9001994833769253,2.2077783598388656,2.10615753498463,1.856301201489844
16.057649114210726,4.619385151828595,3.8143643003355066,3.4470587404771327,2.8934991787051167,2.2069622506979005,2.1013759365273263,1.8516943426007297
16.04497978270523,4.617073799753184,3.8091191310260886,3.4425004915035244,2.8860090743696336,2.2026615319976166,2.1012787301379685,1.8503048256975634
16.042653722875805,4.612533627014757,3.8079595690880033,3.441461729205256,2.8817966279162954,2.2023890186301003,2.098043881101781,1.850459741283223
16.033790653109513,4.609248268884652,3.806854087040634,3.4297534791382875,2.8783205068554043,2.2021301310337913,2.094116345041955,1.8600430561986765
16.0321569597775,4.605796325293621,3.803342943413433,3.432627304790682,2.8763675399027866,2.210763577686191,2.091434568147837,1.8658137286186747
16.011733682461703,4.596853548420306,3.7941354013203075,3.438234300502512,2.8660411299679263,2.237178204557701,2.0867740029562514,1.8623148810184924
15.99646692385522,4.6126965557690465,3.7754627050319236,3.4273742016901885,2.873969781948862,2.235622262803202,2.0797997706525875,1.8582950107767193
15.996311106420425,4.608763720870723,3.7749687493919613,3.4242161996456404,2.885261771973945,2.232531519038056,2.079776547403763,1.865513075348943
15.989018967073655,4.612870155378811,3.7799055234123955,3.4186728111793694,2.880757058777947,2.2235058020441603,2.0755887359160257,1.8742325571651963
15.970766157155552,4.597780900704665,3.7647226732674737,3.4060570670970876,2.878226321251832,2.2167815155690787,2.0999198937920145,1.8674467665953005
16.0185724757871,4.5842251799885485,3.771801389200582,3.397540759182805,2.8770986157363474,2.2147188854300963,2.0944798953997017,1.865748346803804
16.001336196587847,4.611492159854199,3.767080454324189,3.3912974332289783,2.8730516094467733,2.2179072095037884,2.09284117108716,1.863287661208104
15.991862692954054,4.617293261026676,3.762181177102003,3.4017985869603353,2.8629025308101843,2.215623516104665,2.0898131841461143,1.860336013775416
15.96339847059572,4.613308690822965,3.7506164499379504,3.41054118901089,2.8977970700424054,2.2109000227467344,2.106905063904096,1.8608804365634086
15.95424855522187,4.608977266529436,3.748140627194426,3.4159174327548127,2.8990349909547413,2.21746501001494,2.105382504746889,1.8597914184774247
15.954027798971659,4.611347700811169,3.7497878314430406,3.4153390143284983,2.8965041597170504,2.215409258463786,2.1024374868651807,1.859211232528997
15.94975896001354,4.602820650944519,3.7423253279359208,3.40329274492664,2.8985451468585226,2.213295501366318,2.1251367968948394,1.8607663944298907
15.953397482467174,4.6016704229771666,3.7337197094099612,3.408473951692901,2.895143468719646,2.210138398591889,2.124500358453221,1.8664585068129484
15.95915137745477,4.5852784376209055,3.745696502780731,3.4146499048531482,2.88963718146024,2.205412903828439,2.1273967934468216,1.8634636895050045
15.959097890964514,4.589922555194114,3.744767487499191,3.4213344122645206,2.9014531714749796,2.2013317459530777,2.12401901870027,1.8668960581596963
15.946887946385576,4.579068520604711,3.735882483800461,3.4207375393409998,2.8974228570553358,2.1962902456092572,2.1274077584083106,1.8616780211630573
15.936542315771117,4.608096005471845,3.7326238229482844,3.4192669073767847,2.902550397321337,2.195245971887938,2.1254920601111014,1.8568061397836049
15.943067272226774,4.5969056922707185,3.718586886105593,3.416153633127458,2.8969535401317357,2.2038730439735716,2.1245836713117185,1.8651509145658098
15.944096334016503,4.593304581800869,3.7146695700185117,3.4145218862789974,2.892926927705563,2.200164686275075,2.1202290128478114,1.865039534967395
15.926178953018763,4.586781890576814,3.7118696552625305,3.4036851076564236,2.9126058971947746,2.2066958582958245,2.1162822614084025,1.8613286869522936
15.927945124255565,4.580917602773386,3.707425526675596,3.399772484515747,2.9097033651897224,2.2043651191848785,2.1165632540680224,1.8605622764871093
15.898837289327265,4.585484476984444,3.6998463632112135,3.411187126072607,2.931591083299543,2.203303999676286,2.1053060045839738,1.8549276930017264
15.884851906296774,4.580336193763097,3.706223399977176,3.4228183528995486,2.927657633478372,2.2025160020871395,2.102118854417975,1.8680497602287516
15.884045995473308,4.577117435774769,3.7074179867977177,3.416861026933165,2.920612686257151,2.1992738171833333,2.0989597250165577,1.8688745739171524
15.914263644565388,4.586241446044001,3.7004371681053034,3.4115787860033193,2.9137942672776647,2.1942839753222474,2.0964362156904546,1.8646728291378243
15.90339592742091,4.603962379194336,3.6934933030526964,3.408628030168882,2.916353433097718,2.1903297562401334,2.1059063349829175,1.8606283055579451
15.888217278607051,4.591417624014323,3.6873890478458016,3.410430729979111,2.9146948352144024,2.188503138753205,2.110039543644845,1.871034961214288
15.873824528615867,4.57323129956448,3.677089094562048,3.4455901176725208,2.9080184149674038,2.181553188276521,2.105034888544088,1.8653230893765194
15.871359240629136,4.5780348909892385,3.6679704956629164,3.45472113886941,2.9011109520342497,2.1797136870679745,2.1130536534076305,1.8610712623050485
15.868479346364396,4.570277686399452,3.6599502537966484,3.4772728863716007,2.897392075239174,2.176342894534514,2.1124441703763233,1.872328829381691
15.868842708058647,4.563379468797573,3.6863692428730035,3.4792649113780834,2.8964624509785155,2.1863271826146335,2.1068552621544585,1.868690597156044
15.874831926719803,4.562213307213282,3.6776879066371437,3.4823245391684194,2.895516215229455,2.189900558059199,2.1062888808281146,1.865985853942472
15.860274914268526,4.572828042241948,3.6664249141399714,3.4815771186410145,2.8894251005660623,2.186814761536721,2.1103338439356247,1.861132653593733
15.848396370947068,4.571064940625456,3.6637220652544995,3.478092963185798,2.8827345851047044,2.2168430308372273,2.1046325836078417,1.8578330347162693
15.831362993441122,4.567393947433612,3.659872364038101,3.480292228819491,2.89203704819185,2.2113396611154865,2.129407001556833,1.859448287007149
15.823449802329456,4.565148474343596,3.669722026879371,3.4744733355139505,2.896741665323213,2.2104980505112417,2.1241599019169293,1.8595743263089979
15.83442260436124,4.556756128368949,3.66603089078695,3.4759977010713126,2.893698002783449,2.2064256341073234,2.124571369749296,1.8560479652516186
15.850175318092845,4.570698168124553,3.6589667209112173,3.474022463592527,2.89061313200211,2.2072037552823387,2.124540744393584,1.8538131482338154
15.840975578090696,4.582996332454266,3.6598346832683237,3.476291780285904,2.8857517062517974,2.2059783636948813,2.132097961575462,1.8500980580932318
15.82088436221511,4.587026814040859,3.6595140770941352,3.466551903000071,2.8803440655751453,2.2125741389939737,2.139918274155893,1.8456742884762278
15.8177414737543,4.586695990436356,3.660467000784826,3.4750684434628436,2.8865440679138454,2.208475650375512,2.1361991619807656,1.845225828840206
15.796213244059356,4.576996782959521,3.652474189885059,3.4708146327152725,2.897798288436226,2.208882306668864,2.154139334480462,1.8600639390013298
15.7972901578962,4.584843162697753,3.649539340700887,3.4805636259944848,2.8965031306473743,2.2043219934758116,2.156646800586243,1.8594734476105708
15.78728309158766,4.580126025319599,3.6693928078971014,3.4775962131326863,2.8918571967337563,2.207085484645782,2.1583122436194286,1.8564314480848612
15.784445830595,4.571407208176181,3.659480384547953,3.477334462408192,2.894138272824974,2.2086521602109497,2.155011571295803,1.8601209235175697
15.773514106533916,4.558447781706379,3.6449783389020527,3.4969577792511948,2.8958072787503752,2.221667945792552,2.1491262308938563,1.857903553357702
15.780297588987903,4.552652557303983,3.6346438803729386,3.520670886482881,2.8975886133095727,2.2169570782582624,2.144594343921138,1.8566194128842761
15.759983347122777,4.548321335501688,3.6339735287250137,3.5233609484318555,2.8996482516466853,2.215391432678837,2.148159682873093,1.8533792191685272
15.759663279677074,4.548964342725778,3.6327509123725585,3.5415812399410713,2.8976660978650415,2.220875316794612,2.144819082324447,1.8507686417283788
15.752859805939611,4.567210230557473,3.6234468879912805,3.520933929737445,2.8941475771575185,2.2172051372919954,2.1401955146568916,1.8496766191587575
15.757693983116628,4.565674912833284,3.610750482533951,3.5165646133610218,2.897456591536027,2.2178067395481147,2.137034501924545,1.8536046371097008
15.751521212816037,4.587120438705075,3.605009182138494,3.5128120479144913,2.893648065745092,2.2169451087558047,2.1433303011855136,1.8527439986714014
15.745982424989343,4.574856990246245,3.6391426346586613,3.5047177731437418,2.8922011204807734,2.2206029010106314,2.138073894071675,1.8479448015884108
15.742722664468552,4.585076717837559,3.6340097285858532,3.502965930293165,2.8854922167051145,2.220833094916333,2.1441313557814246,1.8435433483307215
15.715846612453856,4.581520908506279,3.6330619961066253,3.5032194881305214,2.911842641971784,2.2181546429498153,2.1605133513743198,1.8498086336934871
15.713164735146659,4.57688864763424,3.6342928033177615,3.5000569667972656,2.9108629610442174,2.216309426411382,2.1574142625618165,1.8490925148814181
15.714472265084222,4.572778493759065,3.629715125487406,3.4815010914676288,2.909916562144544,2.2188138781911837,2.154856549423105,1.8747434419479378
15.708203395116154,4.5704404146465265,3.632120475691497,3.4820746020185505,2.9325665795805005,2.2150737790608783,2.15207928407991,1.8745543565374014
15.676402414429322,4.579697943440824,3.6484914607342955,3.4664509696281662,2.9455412545771766,2.216518915807404,2.14206635814905,1.887558096979343
15.666317904512034,4.579627289617035,3.65779275417212,3.4832058595040345,2.947480141408909,2.2195375593782076,2.1341579342548918,1.8837030089595685
15.63551412695649,4.584565083172068,3.6557413753808277,3.4900790537641657,2.9728757628466136,2.2237686380061996,2.133453933461649,1.8811724345053074
15.611124508595605,4.595095134021921,3.6521974062998166,3.4838817251522958,2.9623265936515892,2.217494357340079,2.1412225364976307,1.8850622396650274
15.54848841885008,4.633850462308391,3.6446921600276387,3.4529725686211408,3.0337981001705336,2.22642554470372,2.1306379334280527,1.8798032285420387
15.552649651811056,4.623065315216126,3.6398053594947757,3.439151157035068,3.0287251453695445,2.2357518404021386,2.13308514130627,1.904380689599881
15.550610660539103,4.616824723049964,3.635944944542087,3.4334619584522157,3.0273371210558224,2.234987703937789,2.127424639194221,1.9025094560758133
15.54053884051778,4.636928115854278,3.632404524823045,3.430656173332707,3.0233430035053375,2.232343434799585,2.126319355348007,1.9007747391554133
15.549344972399105,4.629443853991491,3.6264378673442117,3.442862783343597,3.0539989881234693,2.2243493549228597,2.126890432688987,1.9041260389600727
15.544509669185267,4.6176524838808675,3.6183618251286718,3.4366718919613066,3.0486902014216013,2.2209305253604765,2.130610080058993,1.9041273392039475
15.525786558231264,4.638602873962681,3.6141887958844596,3.4310116555666768,3.036783249703899,2.216101923981526,2.1257921707224865,1.8995274120784686
15.54592903269505,4.62812200681061,3.60874305060689,3.4232852151295052,3.030345958534467,2.2158009664790588,2.118626975260709,1.8977848544569738
15.532415419424854,4.616902961643149,3.603305002165357,3.4445988036352873,3.023706687826243,2.20724695587159,2.1156950594406476,1.894755102143748
15.519413242491918,4.6419168325533935,3.597475458633256,3.4393718514045384,3.0168474704871024,2.209213489248833,2.1123476458380672,1.8925019523887363
15.509322894707257,4.635636529529624,3.5960159030447185,3.4438696414126104,3.023946316224402,2.207185170691309,2.110000220387404,1.8922988135577272
15.498701760697763,4.6351796714063305,3.5969853038398107,3.440495081920988,3.0322113439213476,2.2060117684124583,2.109425080428749,1.899522828248434
15.480575274014114,4.636774006086659,3.597124834077706,3.4407472145005924,3.038475988266397,2.2076024393372493,2.121225096958789,1.901388756453782
15.469624644356376,4.631799710926602,3.599067859420779,3.4507814592602455,3.0389452763607383,2.212815145143516,2.1183061334902984,1.8990090078641186
15.466646248365024,4.621030726453888,3.6001723872869325,3.4437495635189475,3.0467003996478135,2.2154549620989217,2.1168135624471445,1.9021016165293863
15.470177313189012,4.615456692184024,3.5927337524910308,3.452073783403729,3.0481661538946554,2.218462809801269,2.1129518192178858,1.9118247372330248
15.455175297546692,4.621561521774387,3.5851519400218903,3.445037340538112,3.0430458818560857,2.2191972552420403,2.1220973396651446,1.9090823004667186
15.441444643953872,4.61683867394869,3.5887241063916484,3.44272627228522,3.0399735273964144,2.2309443807846567,2.1194887346606754,1.9085394786443362
15.440978233768611,4.611451128103486,3.579538334867805,3.433798061263594,3.043190297404181,2.230655817462111,2.115718756961739,1.9249794440520875
15.43063877731539,4.606290414892255,3.588009933114505,3.438355065724181,3.0394680496022364,2.231278613468548,2.1185959664271796,1.9246670237678272
15.420401659346314,4.639005460382927,3.584556442898649,3.425019953829464,3.0379686577501923,2.2264033058281303,2.117079345533624,1.9227123083947821
15.422546111326106,4.644505192182223,3.581334177594539,3.4208113184475097,3.039057511854298,2.229658480319771,2.1153643306969565,1.920890526169562
15.40988928778285,4.641959659454633,3.615496093894279,3.414751205794348,3.029256598303352,2.2274801448557078,2.1090233580174997,1.9187425416651234
15.40175906071908,4.637770100568618,3.612322496150188,3.410288269499229,3.028175433003713,2.2317902959232487,2.112241208616359,1.9165745309399542
15.405481993126283,4.637869044061441,3.6084546047120507,3.4150663136755357,3.0251510619967186,2.228596197725065,2.110409697595125,1.9199264633306636
15.414428803184308,4.626342163681256,3.609463437714667,3.411559362150388,3.020715449103656,2.2235372819607404,2.1168759625700875,1.9182032894969623
15.403285468830177,4.619330557340023,3.60458764313809,3.405748230485812,3.0155235050195257,2.239901672337391,2.112392475540529,1.9132503344197411
15.392089746351008,4.611308645058816,3.649004336241515,3.3991248255764455,3.012958189341127,2.237053275233795,2.1088877123169576,1.920534671817425
15.362806120306576,4.603797187716854,3.6722133374402968,3.389640433466734,3.0068343946806193,2.2356369917090264,2.1096946238922545,1.9155739057588892
15.354609893255901,4.594782219235697,3.666283230649326,3.408551195459344,3.0019102207495423,2.239439205833079,2.1188949486959814,1.9172820194926545
15.354510917715242,4.587555767388395,3.6607334525843975,3.4116989648094993,3.0136211793766803,2.2368150634662194,2.126975978096389,1.9149891235581402
15.353831091115886,4.577326778822476,3.650713145440688,3.4009132360677663,3.0086623537525568,2.231374932755467,2.1259157895191962,1.9107670589542107
15.349585481087278,4.567617763292718,3.666948627621786,3.3991885269903195,3.008150305757372,2.2333424109208573,2.1238109010929116,1.9061813924164406
15.338182120153782,4.596060146017139,3.665340822049906,3.3894187665876743,3.0031250034815207,2.2412936636751635,2.1290369093335406,1.902469881515068
15.336281290869252,4.603019327746093,3.661345430813324,3.3853754587942726,3.0021635368877186,2.2394323084586336,2.1292719817889343,1.9019599639112361
15.344611192721207,4.593368653785948,3.6747206138201247,3.3783765501521783,3.0019699571541607,2.234157601678668,2.1337889140035,1.9073887742896503
15.39117140120753,4.587702043966971,3.668842618399209,3.3784255090786863,2.9902159455543336,2.231326646754516,2.13000159547616,1.9047960551817325
15.393630184102687,4.589610060676282,3.664179396553696,3.377182086734221,2.987283947329594,2.2330274128136565,2.130390596254985,1.9019081790957313
15.402917610195246,4.580536330578251,3.6847705223035048,3.3855154551519475,2.982928434329651,2.227833568023559,2.128343841152317,1.8980432557882414
15.394180047257496,4.581677459678186,3.6720609286534303,3.389870216183884,2.9859654429247158,2.2350901684933375,2.1261939272284955,1.8933253577597824
15.38878767223234,4.574993716403991,3.665487473057585,3.3858906063483873,2.984607847768358,2.2390238281238775,2.1237699603019244,1.9022979306350918
15.393391298209199,4.5709036544018975,3.6690471315997724,3.3965292897399872,2.9795663338458134,2.2351396672558166,2.1183647564403727,1.9012345686026313
15.379364694533134,4.563789005505345,3.6672755876833842,3.4129198984389784,2.97829781331944,2.23916014266523,2.1125409118485634,1.9001063772564988
15.374300050550584,4.576216315574126,3.6578657115388604,3.40936799018322,2.978756861957696,2.240677966737903,2.10209255455188,1.8951454753315102
15.372728884008811,4.578630627963223,3.658176701970786,3.410095930953503,2.9758042093719084,2.2366786531796237,2.0984723107835257,1.892972367843263
15.401532285329573,4.571415702208359,3.6542301315324806,3.4066833017591702,2.966141574940803,2.2334120415831835,2.095817397106062,1.8875519423962566
15.391225724121405,4.565651159931246,3.6621240209638715,3.4127909804676824,2.961279695433077,2.2321699408253313,2.1017357782675385,1.8902313888235611
15.384790714860678,4.560997084641597,3.660220097688417,3.4086607834018077,2.958089742740939,2.2352665819839124,2.0991363927181843,1.8919136724926426
15.381019602531943,4.555291395262763,3.66066648849354,3.403349410843223,2.9647665221524706,2.2409146470165093,2.105667786563227,1.893465251758459
15.373419547426945,4.560871576459508,3.6568491231161477,3.407317363501641,2.965719637048065,2.2392750467421645,2.111026700283226,1.8906051000120567
15.365418661269803,4.557298648186563,3.685852933405627,3.4052987850291023,2.959863824740386,2.237398228474617,2.1125447882391954,1.9047170429418585
15.340161158768908,4.560049977813005,3.6834110769447457,3.4016606099932227,2.9748478445516087,2.2369010757294987,2.12141705437719,1.9071411679361003
15.325502479701598,4.553420003442971,3.6844769123014784,3.3976649219090387,2.986711355945532,2.236336710165142,2.1248052916113718,1.9107037733434995
15.329075649670251,4.543763507205176,3.6870731893361928,3.3953111121460666,2.9889789133542206,2.2408661600226663,2.121635979532277,1.9102806409249924
15.326635476439524,4.543588793391157,3.6853001560662237,3.395137750852432,2.98516746501399,2.240085127916454,2.1301585217317016,1.919497013239033
15.326542800588147,4.540469854608215,3.684702117390699,3.391590474960519,2.9827258722595733,2.2451916678450656,2.1276597145462106,1.9174677080666656
15.306054751848212,4.550318168926474,3.6847561292320754,3.424994115271059,2.9767042667930026,2.244588326879926,2.118529377403482,1.9129095925290147
15.301009625126639,4.553218821367944,3.701674027780714,3.4199042122534054,2.969996277096341,2.244127522722539,2.1142497423920315,1.913827333265375
15.286059261401032,4.5700726622398875,3.708409693631131,3.414052714719967,2.965895289671519,2.240276296031908,2.114615690655525,1.9103005567891866
15.279895428634223,4.566043085058233,3.730072636049742,3.4177893391494183,2.9595267922576007,2.2375913509242342,2.110093768318126,1.9078583828360913
15.277265237966539,4.560537222555597,3.7262141352069955,3.4234349935135757,2.957370967220546,2.233716624882317,2.1116607387258988,1.9079549710869816
15.27717475626267,4.553495982727776,3.7229137839342332,3.4143548910740544,2.9539011179046533,2.2434871466680315,2.108361555441752,1.9233504605688694
15.280092979512297,4.542674504025316,3.7281262161579187,3.418308532754683,2.9572686405092297,2.2454930144363487,2.102371467818728,1.9316780491527172
15.268287883682941,4.534361784899668,3.721637054619039,3.412579405955251,2.9728994048249056,2.249342593919222,2.1022358074251435,1.9283300895253974
15.250887255895172,4.534251282330972,3.720140767936883,3.4098382091672015,2.9900589640592075,2.2605109144192306,2.0987405766729195,1.9278931258280931
15.251878401420317,4.5326188209601685,3.715887589936192,3.4087674867538205,2.9868125461247415,2.278587082104585,2.097350760942393,1.9248174362019788
15.28448305901604,4.519507955910067,3.711899339854833,3.40194515186529,2.9904087071545766,2.277812981577177,2.0999495769857837,1.920123411705483
15.28579225646126,4.545053741372833,3.7074080554471225,3.3959629475147155,2.9845800701242546,2.278434289165551,2.105861412381769,1.921496651500042
15.261063751790456,4.541062064203457,3.695841107792922,3.395989430021338,2.983347886996276,2.282313480725239,2.1009263526594433,1.9174978332725205
15.25689065999487,4.539935223926003,3.688489395109654,3.3925829279455866,2.9800536022192405,2.277867063665968,2.1178026667798293,1.9122761207642267
15.250590544721877,4.538401976038452,3.6878559940540976,3.3903574696830976,2.9821823365028677,2.2813841869853433,2.121697118410207,1.9113978129395142
15.246976268875514,4.547177774788324,3.6880997030020994,3.395886785441936,2.981337366698703,2.281313849314481,2.1172982907718274,1.9081913190201951
15.245905991288076,4.558210033131584,3.6843355097246633,3.3897933847317123,2.9998582755840775,2.2781821681998515,2.113084037128973,1.9050901966745462
15.237729674640335,4.553592045842663,3.6796450401215925,3.3924058280894,3.0033052882415343,2.275591672992971,2.1121147859305243,1.9091228463333716
15.224480046642647,4.546052756610138,3.6811533001196732,3.3907412717348135,2.998048210041811,2.2794974100296064,2.119560055923922,1.9062984327697023
15.226032399442232,4.540849814473239,3.6767178658768906,3.3916936089700225,2.992941471170578,2.2793187855943393,2.1173837964268842,1.9146654742636937
15.223153092330875,4.5396357632693025,3.671576505095911,3.389418190890413,2.988954520607408,2.2834033052257072,2.1146903822927463,1.91247922848901
15.21907256659372,4.536074496201099,3.681311511798943,3.393868486656594,2.98707995296628,2.286051226973087,2.11232996819366,1.911824384481988
15.229293840140514,4.534265102305524,3.6745063767844273,3.40727832829549,2.9891017939316202,2.2819686522479725,2.109129099928778,1.909356476311753
15.224946057773792,4.54975528686105,3.6732345442567618,3.3995502064884033,2.984262586171155,2.3127392790780434,2.101824352796382,1.9094772495885812
15.221832683001246,4.544793899288848,3.665937533458914,3.3966893456914105,2.9908376153494785,2.310852666977407,2.1063210560400183,1.9110536562921008
15.222547795441692,4.540143789929333,3.6632598726518637,3.402177176241958,2.9883513074799755,2.316515745966951,2.1109418173184396,1.913792834345666
15.22759817498251,4.53671087783162,3.6580790613978893,3.400444053792616,2.9886313158889846,2.3176422356168347,2.107974387457334,1.9111615373014759
15.214149330267276,4.536149416442852,3.6492633623277824,3.397284324857301,2.9898375606094674,2.320222169585263,2.106655596086198,1.9082502493967326
15.21452177508009,4.528716065801007,3.643130664017847,3.405899215043394,2.987385831779241,2.322526895171134,2.1056521174087797,1.911682024076698
15.217479371850061,4.523278375253373,3.634403592191789,3.4203367058934333,2.9836527099824064,2.325126546724286,2.100355796779482,1.908770123941832
15.203521180199854,4.517698115162043,3.6303676726487244,3.435106817895776,2.97472239444085,2.330631564564364,2.0980962781882933,1.9032684115211613
15.199729451530551,4.518208470825158,3.6270524859906423,3.4418299689114793,2.972056102322772,2.3310622579236724,2.0949827675252317,1.90139445572793
15.18939301333047,4.509737810739734,3.632895780394119,3.4444293576228406,2.9699817962450936,2.328525854507933,2.090280334980134,1.8963268553230372
15.18828039322051,4.507564212600853,3.629654246657105,3.452173619971124,2.9654287372879216,2.3331422777545123,2.0972059492579604,1.900593722288318
15.181527057148838,4.5147554201844855,3.6310296784123053,3.447346892416072,2.959935848661531,2.3358604518908006,2.0961649040468737,1.901646792642992
15.15898668391192,4.4939333824726955,3.622907525146807,3.473758545817413,2.962222864006113,2.3311072562544815,2.097042350441795,1.9287174802506712
15.155382969958747,4.490375092784959,3.616637489227895,3.472431824276687,2.963060807205444,2.331502247468238,2.102177600446641,1.9335256537731365
15.143901103841895,4.495540610168433,3.611435115782534,3.472882861478126,2.959254555215065,2.3285956560715833,2.104424410930912,1.9302294724223412
15.134590370279696,4.488956996472451,3.6161620143846096,3.4710755830161824,2.9543676153855536,2.33750252839559,2.114248541012334,1.9255273043704506
15.127624178210098,4.489987182884136,3.6106359832335384,3.4654691296601454,2.960196767539732,2.3339239790753594,2.1314178366373926,1.9275165758965864
15.124358897288491,4.4856517061765615,3.614802694441056,3.460904387437483,2.955444738248271,2.3299966702716306,2.132642921530732,1.9294565658081089
15.121840555803903,4.476191729197428,3.6093685815746706,3.4629395138705203,2.950289121816121,2.3238640592263446,2.131455314063351,1.9592370774605532
15.114762673780945,4.479804928041688,3.623462625012471,3.459999778029397,2.949774170254715,2.3210191998513627,2.131696399449564,1.9588298730828306
15.10251355744661,4.476193365001601,3.6237201758836157,3.457289777577976,2.946202602435734,2.3238443508513527,2.1289005425581493,1.958402020714513
15.112368264212648,4.462410372373711,3.6093833784263873,3.43848737578344,2.945318381744196,2.326353022068432,2.1281484628424145,1.9956492236376768
15.103766761752375,4.458158014697318,3.614880142557879,3.435575664421525,2.947786460683608,2.3430307446592797,2.137906531161057,1.9913780984643203
15.102370216018954,4.463362690339249,3.613665660330368,3.4252046878051003,2.940737342743681,2.3383504415083944,2.137063074684198,2.008495645451061
15.087751695146839,4.482951866925408,3.6130602423765783,3.4201068239689474,2.933685029322059,2.3385946760047793,2.142115686738813,2.010871909737343
15.104090942642259,4.48773022965082,3.6046728316856655,3.4329460138086954,2.930469700169146,2.3349034643127355,2.1375480925334993,2.0159887517686963
15.109053928244922,4.4960530721032725,3.601050175614247,3.4364606015888923,2.92797446876761,2.3458473771020283,2.1348085148127236,2.013189373656224
15.090286113578799,4.503133953657949,3.595119287134814,3.4566939095200087,2.9242663700140312,2.341113882654369,2.1355455753393477,2.009342392815833
15.084960490864063,4.507373728626474,3.5917854589606137,3.4529970023128373,2.925595316760965,2.335103763077546,2.1354866407266098,2.0080818877071316
15.086748919487082,4.506512757543113,3.59067357590301,3.4537878156448576,2.927529392036101,2.340230152290415,2.1341761128509025,2.005038782331149
15.082736226022188,4.500376182806404,3.584023454545229,3.4514584677409728,2.9283423194702864,2.338121289508411,2.136074928689795,2.008491566825157
15.07306742116398,4.497280923933438,3.588054467020681,3.454323694143758,2.940271631602067,2.3404274088308115,2.133423277279358,2.006929606895185
15.064979826971342,4.491475794928892,3.5817516393208084,3.4530093438079317,2.939013720571798,2.338886871627245,2.1423076394031764,2.010599131779461
15.059021239414914,4.489112619207837,3.5835270386668667,3.461111220166916,2.9404012173087555,2.3423795842985085,2.139150729533555,2.0090914011977623
15.052599771468842,4.493004427107854,3.587198152494534,3.4573414915129184,2.9338497885510284,2.339011927575124,2.134292001961902,2.0074355684913767
15.045751918233467,4.506846964038026,3.5845960064642353,3.4522776487344293,2.9309366522734095,2.3462317932562167,2.128987951986349,2.007480194466432
15.045363143827927,4.5007851195447035,3.5857095133275325,3.4500041525255147,2.9302636268568225,2.3430584664842264,2.1303409391930637,2.007555192713341
15.032513480531723,4.509842574236739,3.5779277859599263,3.4451767582069674,2.9260326746036407,2.339933586053038,2.129019857804018,2.0064767419186165
15.041505131632764,4.501215248682264,3.57388231640685,3.4381110195899436,2.9213413931433094,2.3379656148666537,2.1389915052737543,2.003147325529591
15.046103261205403,4.495707913019059,3.57000219428024,3.43575339939207,2.916815388729382,2.336446298410614,2.1386780358489017,2.0008841600994374
15.03488537780856,4.485035969507782,3.566405113777722,3.427925095902511,2.9193697584456655,2.3591835086385387,2.147283292873911,2.0001908043797427
15.033425231270076,4.491220355373173,3.565510844311885,3.424629612160693,2.925834356829838,2.3564818580968097,2.1562151532335547,1.9990986813963798
15.02691307190247,4.506778177610077,3.559037663971301,3.4489380458305448,2.9226838257760743,2.355181688896038,2.148655386318344,1.993862582763811
15.021253249892787,4.504537239177566,3.5550389132731084,3.450957972248114,2.920743903890912,2.3532277945341984,2.1508311029992035,2.0036400921756585
15.016722606518474,4.500690245924089,3.548524870037301,3.4491229176898335,2.9184164296602857,2.3626279052005086,2.156331492126082,2.0011191456260806
15.009118694301307,4.499479625955571,3.5606636037233517,3.449883666308338,2.91604564221137,2.3598579145724834,2.1590532492466705,1.9987581593419237
15.007123412371076,4.504926926610711,3.5573280768440694,3.446534917454538,2.916115948196823,2.3642275206053163,2.157493381439945,1.9969858697309217
14.995134989888115,4.513279336955829,3.5518105967624214,3.4429783739267497,2.9333771472231702,2.3634704241567497,2.1538620073891046,1.999160070256017
14.992224812752472,4.507363786025259,3.5452455762448283,3.438667950339532,2.9246382466763,2.3564894876684237,2.1485522464040003,2.0043550054569805
14.98925403102453,4.50553476499635,3.5372649305385666,3.436949621769829,2.9199021465097026,2.3543564880538232,2.1679272623079817,2.0023188869476978
14.987600927838237,4.503030099199842,3.537611129389994,3.4269274334125743,2.9171714232375847,2.362233560909169,2.1662271309155128,2.0006991409236594
15.017527504679354,4.495278134746968,3.530299392971723,3.4235566349707702,2.913639882685458,2.3549621020338276,2.1580613531700634,2.0079070625416935
15.009336131746608,4.490369522372179,3.53696722411719,3.427586208265195,2.9122993764127902,2.353135169927445,2.1546206951207045,2.0094050567057087
15.00893667831637,4.486155590712601,3.534251709800377,3.4278922116300703,2.9112823383287574,2.3513817334650575,2.1497301592012894,2.00793707542662
15.014944542242915,4.491052200479299,3.5293815119441296,3.4287165653620857,2.914264801792064,2.349964172430116,2.1459489511958596,2.0071797639567093
15.010367511921967,4.500017099832393,3.521706895473161,3.4232627363051145,2.9184495283366068,2.368799003122411,2.1447528795732738,2.007069150598068
15.006333849403362,4.505851593388,3.516212646203641,3.419336841216148,2.9247833297171884,2.3678917440320535,2.1428048041513756,2.005090613393554
15.011994596145392,4.502705230390333,3.5118361191710323,3.415661697359235,2.925362186309766,2.3675623715016654,2.1461102345030536,2.0017580787121982
15.019866462383728,4.500007771462315,3.505855467096749,3.4110669855495876,2.9263414624412185,2.3687964528842995,2.148948882767121,2.000033164643249
14.994253003419242,4.490108205437622,3.5041520873363807,3.4187598649498376,2.9188619694927262,2.3641769671150215,2.1554433238974977,1.9940893930711914
14.98737286435587,4.482632409230325,3.4988175846498004,3.4145511282960928,2.909229527173399,2.3556600830266414,2.150287003474632,1.9953519212149293
14.967704440921377,4.484329677418174,3.504449407403672,3.441425493156667,2.9045430744374143,2.3496845781505526,2.1432417403339126,1.9901248205022148
14.966958312582776,4.4872416323595505,3.5038020427126866,3.4336957849724103,2.902737216936894,2.3549100423320737,2.141967138557155,1.9878597765091917
14.962217138493706,4.480191567850186,3.497317471242788,3.4302522208056296,2.9040432454178897,2.3549082160930697,2.1485089698519273,1.9926628647857387
14.960738129270943,4.487368368180579,3.493852622516104,3.4215031844710717,2.9031721343990595,2.3542694123588266,2.1486636182801915,1.9964392127723136
14.940636040684218,4.5072144363261195,3.489639129233093,3.4154589310837262,2.9086299994796203,2.350720529439868,2.1425604366872166,1.996806436371973
14.931461988407694,4.5104271951215615,3.488501636814452,3.417461465794612,2.903143223407991,2.347934436633002,2.1543824195980443,1.9974146534388388
14.910743391656307,4.547369004878988,3.4870883910349186,3.4101443980266173,2.9018971370294055,2.3428458459818144,2.1506021270060702,1.9986816797462874
14.906367076627543,4.548194307880891,3.489453315539101,3.4050525703042336,2.899866701966087,2.341383353780886,2.1460474066050184,1.9948574303378934
14.907000594434233,4.54153065807645,3.505431812238114,3.397713795743321,2.8953204490483437,2.3424541803398125,2.143309785784735,1.990577742229508
14.888870241235985,4.534664487584891,3.5085514322776477,3.3894257698706354,2.891394905449134,2.3410002644490975,2.155501444536219,1.9863693740656945
14.887357575486913,4.52554936995522,3.5351650846787535,3.386273646052505,2.8870964960420187,2.3497681577055363,2.1525233968264557,1.9838381021789604
14.874401706273996,4.538175823311088,3.535466511704315,3.3750234402598984,2.890294377309615,2.3463017025799906,2.149401426849318,1.9773877028517557
14.883233276251822,4.546525174520564,3.529639292636563,3.3692579933283224,2.8864794683118595,2.34187780936191,2.1590581050472206,1.9856131522275116
14.887551750738297,4.543436778344999,3.5285471365123082,3.365934584106171,2.8892178378123727,2.3406381707490365,2.1576345434228434,1.9834597509734153
14.886915846257882,4.541599884728749,3.5377343732549003,3.3655502602894702,2.887908940185077,2.3416023669539485,2.1648550295289075,1.98023963182884
14.878804943847392,4.541860564948708,3.5339678501282794,3.3584542270204785,2.8905774453508015,2.3544364121927632,2.1627222322064923,1.9816158431521282
14.870733995170433,4.532234746925596,3.532968526741331,3.35964585235837,2.909238338918778,2.3797893099765757,2.158340117530899,1.977238163661141
14.868459249887856,4.531437004728721,3.534700545457625,3.3560376677353525,2.907151352426692,2.3758685932659698,2.1548898363445455,1.9766525269003965
14.871566614618366,4.529769540322356,3.5326087646938595,3.3569398648661664,2.904476281592421,2.3771795791337866,2.152885080481183,1.9755626584429056
14.860800739834698,4.526210546999415,3.526459058663595,3.349441150919856,2.8992381291621063,2.379318768853986,2.170030774861012,1.9864329840683457
14.864120213797975,4.5210282300893105,3.5269139466808896,3.3404083375046727,2.8992178828124873,2.377092194132454,2.1735233781806667,2.0095198871808386
14.854830656612275,4.513787464934259,3.5248920864730997,3.350952917220935,2.8954388929506156,2.3830926590897583,2.174611566145442,2.0064568866864088
14.81625292073402,4.5189393684724095,3.548426403166059,3.370924913982488,2.906954022920961,2.386439576790436,2.167173375561982,2.000405186916683
14.801161760000703,4.514695055942122,3.5451663817644845,3.3726927601957737,2.9130919267754547,2.4204326356076207,2.164001551629805,1.996867936695323
14.793372469974187,4.517535848541051,3.5399307221621554,3.367001771111001,2.9144076860576464,2.415311119877209,2.1584496252031093,1.99117421304067
14.776468742017961,4.513770744388028,3.556933663918231,3.363117068381728,2.912034210214502,2.4112099065750763,2.1556966671437383,1.9880452536295994
14.780255566517358,4.50925637189294,3.5529135571080204,3.3606588685930743,2.9097504340220066,2.410468037994002,2.1575801927400797,1.9857106559677535
14.771626426098226,4.528869808977056,3.5484371108984836,3.3595756352217734,2.9089593782533796,2.4148667887077413,2.169183599052618,1.982802793067324
14.76168094443926,4.519934115053019,3.557003854794636,3.352817189986373,2.916840315456371,2.4413520593732643,2.1661043773424833,1.9790052814383678
14.749280458655338,4.541161585926673,3.5528748885346197,3.349943974927395,2.9141906122736243,2.4437239281047662,2.1749898366253744,1.9764937691408477
14.762350871514403,4.530799777567626,3.546046294948154,3.342279990834893,2.9167728648737508,2.4393954353397653,2.169766030400112,1.9741850886034005
14.761786423774538,4.524738231752115,3.5450702477117386,3.3515581560777568,2.912647944048308,2.4361071017327958,2.172262007699048,1.9737907929807383
14.772752715139383,4.542073706164112,3.5557354791532796,3.3413921691228348,2.909438259753364,2.4314035077316327,2.1744826785522684,1.9783640752227623
14.76507677328943,4.55661952665926,3.5572302444087507,3.3406246662039254,2.905226546616044,2.433572753256138,2.1715549290764162,1.9751869437533607
14.7522659706876,4.549559633915214,3.5668203908868072,3.333791246373718,2.8967249951708696,2.4305440677021517,2.1661224318261425,1.9708536764671485
14.772087908800376,4.549593672007205,3.566910431655982,3.3300067423466033,2.9031959039665574,2.4343254245092747,2.1632516235760137,1.9726332684154533
14.770471570774472,4.544681078540391,3.566871058261286,3.3258748967999177,2.900411640217594,2.4328106528432514,2.1628160586685468,1.9872858444488621
14.770951966062398,4.538617498250737,3.5650183160940414,3.3262374733321414,2.8965793268554516,2.431152279219328,2.1819154639675875,1.9857791072989672
14.774713962368097,4.5357322275388015,3.5576906416133527,3.324418997828742,2.8942557579649035,2.426623746747538,2.1928836238419365,1.9836985433358447
14.758536997995204,4.529439307639279,3.591546459558353,3.326446739366365,2.8888958045772606,2.426326623896495,2.192309881694871,1.9896992838515213
14.761690890507523,4.521124152727781,3.5966880243815886,3.3194965375342633,2.883330603139928,2.423610800149738,2.1902606996514256,1.9878770581166556
14.76175310152924,4.5369506606873795,3.5917560439791636,3.314157195479565,2.8810958878330886,2.4241233146059264,2.201956586109437,1.9847502575227456
14.790150221939395,4.524441617974064,3.5832538426327027,3.314546336275386,2.8980680779065544,2.4191044757600078,2.2005048470120636,1.979921858799263
14.782965222320428,4.537220642458514,3.5747480065772117,3.309071460004976,2.89733174512762,2.4218233768337494,2.2192536183665115,1.9780000691581252
14.781776732879543,4.530234306854975,3.5717890291421566,3.303388609397788,2.8975313108140957,2.4203488574117356,2.2216055787993185,1.9946801196859085
14.759747209536691,4.525237446175915,3.5752319790791316,3.2993507192484985,2.894771478108205,2.4174044222887434,2.2185754794945467,2.004475217297341
14.758785895725982,4.525038408958187,3.579390715379786,3.296125880550764,2.8891614832438495,2.4135503074570557,2.2131925607134577,2.0010608015723634
14.753491413835615,4.529276694121677,3.5796132318951246,3.2965009327464627,2.897091950898143,2.411066353271414,2.213178447396392,1.9985398104855818
14.7523542977276,4.5249538904778746,3.5766442725250034,3.3057077247850346,2.8957792523922987,2.4108812143687057,2.215852822080438,1.9961301128248774
14.746794415853824,4.525871176203717,3.570278285466827,3.30488232327585,2.902261698790827,2.4233264828119907,2.2127677622087725,1.9963308726534323
14.739476667904022,4.523517195343588,3.579129657543077,3.300376839452036,2.9023065909987418,2.4240719367254573,2.217327616882016,1.9941460627634424
14.751724601349427,4.538168789551525,3.5694392537974458,3.2981629856878047,2.8964988979202473,2.4227193098654185,2.217433966314811,1.9917108300457622
14.751659521387204,4.530742445030224,3.5671880774831344,3.292715952313976,2.8903865102883093,2.423550878391949,2.2139605639321465,1.9922457985897026
14.752899562025917,4.521895106833965,3.575264917193588,3.2874075916978303,2.8857226720013047,2.426272167262128,2.20966841288536,1.9889531057664
14.752910822759944,4.5147876498016615,3.5968861683001623,3.2815945058009697,2.8813579612462656,2.435033985451396,2.2090585882440568,1.9876172759287567
14.746017447589075,4.513836316815134,3.5934853344749422,3.27914935327095,2.886738561153498,2.4410164477415632,2.2076914070879163,1.985936818201221
14.741691109088904,4.50786032233364,3.6127630761676466,3.273672021586103,2.885079206662405,2.445717082140619,2.209145906990978,1.9890600352844654
14.73512849650768,4.498953116127572,3.606807660253228,3.2706121584579195,2.8806118447691884,2.454042461830238,2.208648954770619,1.9899080223539907
14.730877571451138,4.497481230174632,3.6035097607919275,3.2672785279557197,2.878766178709476,2.4464316465133917,2.2050511337679097,1.9861708985777413
14.729266979003526,4.490272297993121,3.6156470588103002,3.2638019455611373,2.87535049876772,2.4501744254188234,2.2049287411591365,1.9841689359295067
14.71379003187592,4.477503121021638,3.6066475213463396,3.261394795953775,2.8704487283989564,2.4424281306478646,2.202993440132052,1.9807690358189805
14.709741881641605,4.471277121236236,3.5985846950087104,3.2551017866219087,2.8756939570683504,2.436437538642961,2.205453639134608,1.979035691439377
14.728556021294818,4.464947285536397,3.5935036856925016,3.255227044320584,2.8727824025598245,2.434180000908375,2.204280105102681,1.9759467416803753
14.722959855961644,4.462035177205465,3.608839064752845,3.249860863393605,2.8713374086685532,2.44176865227438,2.204123451926016,1.9733376639426428
14.722263544967195,4.45345599714404,3.613106055074233,3.244312718718884,2.8696273978131064,2.445625386310257,2.206368672990249,1.9774390776870803
14.721000673016043,4.455151758435029,3.608394928479767,3.2426969704323336,2.8771431236755896,2.45287125851936,2.2039840212465696,1.977728773755137
14.723021523678533,4.452830457132109,3.6074754711204036,3.236614457516428,2.8729913282021133,2.4531092814852813,2.2113811764417277,1.976470636836593
14.718782342244875,4.447099224198924,3.622210112713638,3.23462647594196,2.8700777405929214,2.4615707654773953,2.210016904697514,1.9746371794582702
14.717675770737095,4.44492173740759,3.6302287217861138,3.229634234383985,2.8720948983778904,2.455421015823078,2.2140706233133414,1.974651918179353
14.705978575790166,4.467567374475738,3.6300211951512384,3.228818616629819,2.8676983842508528,2.452545921922027,2.2110626929087056,1.9795648597864874
14.711859412841548,4.460265774342616,3.628410521607523,3.224756735416402,2.8665891420102545,2.4512359437582916,2.2137990235318874,2.001118868112298
14.702561208699603,4.4563048526619,3.6260518877528267,3.2360829541190617,2.86245740586673,2.45341969666734,2.2111192075426174,1.9997518622337644
14.690877648299367,4.449261135089724,3.618656593182012,3.2375900002211884,2.8677193705977397,2.4427635245904815,2.20396177583913,2.011454259454918
14.685911465007553,4.449345040817143,3.6157379052978773,3.237556264479061,2.866556870983015,2.447357149390779,2.209111755858516,2.012094943320548
14.684897758813499,4.443922094311457,3.613182386049484,3.252879465909519,2.8608571325099224,2.4427855484357797,2.207991191221575,2.01206512780636
14.67613104632186,4.462006214641219,3.6164681595534387,3.249523233032376,2.8583551448627134,2.4402817636778558,2.2068633726866502,2.009465537408819
14.664599425835338,4.474077717347813,3.609276964927649,3.2493954332939294,2.861901511043116,2.4392226604279728,2.2115946340224193,2.0060232127801387
14.659200990165736,4.482556685177645,3.6051241051261163,3.2528879564121964,2.857954576262964,2.4391547510182376,2.209194654579671,2.004095554168372
14.660402493122959,4.480095224501328,3.6033811112347403,3.2505315631354663,2.859836416647757,2.4488655618639896,2.2082431253363164,2.002627285700208
14.654289871660875,4.492943008570405,3.604375521708578,3.2494675310241155,2.8571094265792563,2.4477250043630514,2.207612800737438,2.007843274611536
14.661075414028009,4.496569249854954,3.6085217375219107,3.2440965051197623,2.8512021443709687,2.4417485986703364,2.2044735498891135,2.003555374776306
14.660511149861222,4.493580734182572,3.605521837915416,3.2425799400702986,2.8490599109574344,2.440350159363697,2.2011211406246773,2.0010255851165373
14.64955429238934,4.484761325877015,3.643925878363083,3.2350862711020247,2.8475442474250623,2.441468074653084,2.1983854197172645,1.9974609804590315
14.638179935619714,4.481444078086284,3.64101777239287,3.241626992018013,2.8512157926835298,2.4424699848654225,2.1951377397068295,1.9971207480956212
14.621759009891612,4.471375642897103,3.632198096262256,3.240537823260109,2.844696961213869,2.4380648661922106,2.195071089845471,2.001111529758966
14.61914534349382,4.475612879119836,3.633395581555404,3.238673509915263,2.848747726078692,2.4348339510314125,2.1929291985075543,1.99665342650186
14.626961173480044,4.470399226402822,3.62933216183715,3.236424326785681,2.8465061859069847,2.4338820152103824,2.1969723505974224,2.008842916315239
14.620377901549482,4.466314903855421,3.633114239956878,3.235489828667214,2.847023054149853,2.450973745299204,2.1960704301771945,2.0053138489596374
14.621104248282947,4.4615898386581705,3.6299256394431194,3.2331610815319154,2.8455178200887175,2.45146294113272,2.2055361131616396,2.010205886423968
14.621205997880093,4.459454993132935,3.6251696454045783,3.2332597435281905,2.840179811788046,2.4528172467709988,2.2051913911465166,2.0183335689141386
14.616315370926184,4.462299786902761,3.6232624898238575,3.2255930527679832,2.848594129598161,2.4499546347418346,2.205142560226686,2.0161718643852105
14.580749901198274,4.471205071031941,3.6127418142766285,3.2162550936516547,2.8727600330313465,2.44668290717751,2.199989029046734,2.0241578657592814
14.5769771302651,4.464384804523638,3.6084215134331687,3.219909641961303,2.8692873806970134,2.4484450856660835,2.2022428542237757,2.022972537599609
14.571726976504713,4.4677360096753365,3.601319269058333,3.214635010637593,2.864952723384267,2.4496155888011533,2.221605429202351,2.0284275123705755
14.573692921623035,4.463858415738073,3.6028290979421946,3.2124133360441793,2.864525162987198,2.4516050073857008,2.2257104314223715,2.0280726129768274
14.56781667875844,4.458654835994363,3.5991814599822014,3.209595112139701,2.8740089832155737,2.444680681136285,2.225036352091787,2.034208395780444
14.562840757321027,4.452258858428559,3.610456039458856,3.207687512317824,2.872326195288677,2.4492904114505882,2.227437739166886,2.030814251155043
14.558319435533189,4.445535076809007,3.6047909333459107,3.2042324373145004,2.866244480135492,2.4502481276366153,2.2198916835642755,2.030176742655479
14.551178535312062,4.465552206566565,3.601185345172655,3.201368280339095,2.865199768334801,2.45211343693002,2.2207944195728277,2.029353918103225
14.541938645792378,4.463895313808848,3.611194678782951,3.1957227676614965,2.863635916156492,2.453018856242375,2.221303563676588,2.0301717296499127
14.535313977768649,4.457797985491009,3.6073883776051914,3.1944611552593924,2.8717189893608177,2.4527832773633795,2.2198814837598233,2.0332136786793735
14.530205058236525,4.452648493847718,3.602649116818906,3.193884257839045,2.8675183805676863,2.454514204960139,2.227490012685833,2.0375897038962787
14.52424774357831,4.455357541240497,3.61208637659407,3.19500119521685,2.865460955682051,2.4513832803267612,2.2284549247072682,2.0353352024552356
14.520266525760796,4.452549633156922,3.606232790218481,3.2023692998295226,2.8616386306655213,2.4602820928305507,2.227316059438288,2.035557344544922
14.513110190580019,4.453953458620399,3.5989165050097167,3.194419459930165,2.8820787647619266,2.4578880533394263,2.2246467240880814,2.0374314374163305
14.52070184500624,4.45058971382471,3.5984412276792312,3.198723737032265,2.889711583445197,2.4548962405544006,2.222410395513386,2.0345987326058377
14.514122289043367,4.457949202898563,3.591688664468318,3.1928656813949696,2.8977426279122125,2.452607696070764,2.221363250674796,2.0313706909318197
14.516412990596638,4.462264340938928,3.5974765540874656,3.1902402163042693,2.894856401788077,2.448806503100556,2.220032046984331,2.025188958852252
14.503901310508049,4.488543206904639,3.5983642937957563,3.185936986052405,2.8895625540719685,2.44476791427755,2.216710474709199,2.031276583944715
14.496334144010259,4.48442095800641,3.6048592292332295,3.1871547269635987,2.894359868501225,2.4466622905289923,2.2150986471085616,2.0304968045910434
14.49267994181264,4.477034103750963,3.6139151752354604,3.181994085180095,2.894265181919362,2.4426260138367746,2.2238031127891302,2.043180581765061
14.48953335689588,4.474254182675686,3.6098317309187506,3.1805024216812883,2.897148690835466,2.439899760836746,2.220765929954691,2.0484883672967396
14.483573998435322,4.467538048665421,3.603362278569424,3.174325088543348,2.919912525759745,2.441785209620111,2.219406612690103,2.0447465592355254
14.486713517628946,4.464920052010058,3.6039617693169097,3.1753083429423667,2.9160113186932684,2.4448740827807085,2.2189028814425438,2.0415479293069594
14.484341886002081,4.457557010586989,3.601560807173415,3.17512892117253,2.91463946748158,2.439450532426222,2.2373921656308506,2.0371402563692538
14.488311675823645,4.45084967206053,3.593710034988278,3.1683450573811975,2.906938761884095,2.4326441159713967,2.2342528380185844,2.034524198198527
14.478638276315095,4.443769331677409,3.591259487371084,3.1673392253272157,2.910086062366224,2.4377456054671196,2.233642238355143,2.0474018103279747
14.469398135220466,4.441346098013748,3.5886009975907696,3.1641552751479516,2.9121328703539664,2.4382672533645575,2.234047344438172,2.047079759471023
14.440528788320176,4.465892783232782,3.592042149119811,3.1603298331058376,2.911406883522855,2.4429381230932536,2.2335737795493547,2.0450592419722393
14.438199948077767,4.459494883127627,3.5860800806319495,3.1745847118147767,2.906034134864836,2.4395534944435555,2.2311482422050672,2.04088683984869
14.42827957819766,4.463583877820907,3.5786339181418847,3.1731314267208544,2.9314985598237113,2.4371306462301408,2.2264028939139786,2.0360183714581654
14.418838885170405,4.462020507923469,3.574536642105779,3.179986238274811,2.9429167508771137,2.4548903744299087,2.2215591504953247,2.0311129536716535
14.428272301060499,4.46656748363619,3.5645453032024945,3.1801090470379565,2.9395428393444845,2.4640974532832085,2.2182749476732835,2.0283598642392513
14.435949382060155,4.4558329999631585,3.5577445750365304,3.185859720365425,2.9533993710867095,2.4606290267506656,2.2258645066655456,2.02604458182232
14.440292393761634,4.446115713547382,3.555018108580814,3.1921483100000407,2.945773816638324,2.4624438510079987,2.219716325958141,2.027182104991329
14.427409190211389,4.453972817994737,3.567587087995151,3.194597762781639,2.939943490710879,2.4678235759404656,2.221173964210461,2.025031155218854
14.413492464712064,4.450981444047944,3.562812780455542,3.189839112139529,2.9414571514804386,2.48006143243596,2.221843031339423,2.031936486845858
14.405548541581727,4.467020635449751,3.5589810410945417,3.1956976851991867,2.9378302224286004,2.4891776924331284,2.2189938277654866,2.0288963940384908
14.410861501231174,4.458857314828375,3.552628710798272,3.195264712229515,2.937047056666947,2.483827973762066,2.2315173132291566,2.024544378581206
14.38942577177935,4.453926071271285,3.548004359036021,3.2025993677715396,2.935273675031531,2.4875277157840032,2.229862912291864,2.021352225043459
14.380936297926759,4.451725162134421,3.543447837704655,3.198171311541931,2.9515472678661805,2.4850286971087603,2.228867360657193,2.019435901109954
14.371494222634226,4.445047172109982,3.5373431705863605,3.1904954727751185,2.953469059645406,2.4807570699229844,2.244957204539594,2.0157954587282982
14.363964263642043,4.459974094340071,3.533865330576131,3.190319016338408,2.954685930031073,2.494784392694411,2.2435160336229742,2.012988314548222
14.361393674690731,4.461042707811101,3.530126944549584,3.185634107126555,2.951722295660802,2.4907392150279173,2.242145960673176,2.0106297524606522
14.364402285659288,4.453301073009786,3.522225007255554,3.183163409962777,2.948592139020816,2.484069448429411,2.2479710746307187,2.0192221547969846
14.355683945286952,4.4735641882287265,3.5144960982318283,3.178165403222754,2.95081490485963,2.4770647895447153,2.244103602552139,2.019919895872555
14.355299882225733,4.464834908988665,3.5091275782762197,3.1772034085260756,2.953072418782127,2.469823156288259,2.2591455878451727,2.019283506603795
14.35753451351,4.458721716602875,3.5061202641302502,3.174130574503192,2.9555475974598386,2.4708504802435662,2.2530849892670264,2.017004452892174
14.354675948680228,4.463358603803467,3.4973585949894095,3.167000570250293,2.9491603854706985,2.4679995092677554,2.260051496197995,2.0250773989679187
14.351463365290826,4.459687473706433,3.4932836284558135,3.1658082453040004,2.946285107743545,2.4655836440442087,2.260729210138813,2.022908217805117
14.337558939822774,4.4745960834541965,3.499357124188361,3.1589151366007315,2.9409957340689337,2.4610071932320667,2.2605067042072555,2.0198731716619225
14.326759209006259,4.470453704331376,3.4980232939985236,3.1711439926852645,2.9422661360410456,2.4583832057820474,2.2583199476914286,2.018006825236105
14.322255750508848,4.461707054064824,3.4949407773912267,3.1811493765525634,2.9355447689550567,2.458289154476566,2.260854159770608,2.024341638040054
14.317008382015057,4.454767959066261,3.4984798499696965,3.1817964507918615,2.938466516896253,2.467202587465577,2.256725815784526,2.021968950536627
14.322492871302508,4.450919640475233,3.493617227723601,3.1960283948234243,2.933694895894531,2.461513940352137,2.2494520856637696,2.020791778941091
14.320691816891372,4.44420457257444,3.4929886817519193,3.1891604179221313,2.925478049080308,2.485767835860537,2.243519484678159,2.014315997639657
14.320913651085512,4.43419443316127,3.489712848169343,3.1993585581543313,2.923564020078911,2.487121165126319,2.2394974124776628,2.017660632131221
14.32802729210864,4.428117884691204,3.489182706558925,3.2005995489122765,2.9222171741162493,2.4864149383826497,2.2351798074512548,2.0166317604482504
14.305754929079917,4.423374761682629,3.4847035142514544,3.198100305518379,2.9195453141348198,2.4847625244564933,2.2427651474619665,2.016778962802017
14.306696221363868,4.414445571831974,3.4853110988343525,3.1933589090506334,2.9133886750071127,2.5056150571930225,2.2388391352714048,2.011280069031125
14.296803346379019,4.410467473863326,3.4806571559533466,3.1888015919375867,2.9131680371758484,2.509402718755792,2.2377429456806923,2.009143731513235
14.293856061718941,4.406584586106202,3.4813091640095846,3.1926810155553103,2.9114258196366385,2.511480901944936,2.2374421530626885,2.01702127969225
14.285206655351622,4.402001856988145,3.479508567324042,3.190476281784155,2.9288264684567,2.515055966988499,2.239655183972632,2.0161584096807035
14.279409281612669,4.413000617879716,3.4758089442235813,3.1882459833897148,2.9229300786069605,2.5381677494569956,2.240643144898739,2.013768459051254
14.27548406914816,4.408337818342403,3.4690653346118325,3.1900107757926652,2.919009534867742,2.5447071012466993,2.2530003761697786,2.0148001875060912
14.268019433635597,4.416287408537368,3.4672655279682894,3.183381374773844,2.934981255899604,2.542590652667786,2.248928050207969,2.0161145265771485
14.262490187455125,4.42119923714335,3.4673123922032425,3.181982356540668,2.933279302722769,2.551285067494663,2.246412469056257,2.015853637256793
14.25544138849698,4.41857001198122,3.4637609945468584,3.1931071553733945,2.9302009839604333,2.546837575353985,2.243938039713038,2.0209258191419694
14.25905750127897,4.418607715203837,3.457472834783515,3.194442222087961,2.926486099135741,2.5451756824884106,2.2457778487165583,2.0187590563532805
14.26471626140491,4.406793193768538,3.450486933332459,3.204735095501455,2.9274345006514597,2.5371461978697574,2.2483872954506796,2.0173864670640427
14.265258576562694,4.400237465519343,3.451770365243501,3.203607616784098,2.921979948776962,2.5349680972952044,2.244684277296876,2.0146003867607756
14.251290982588028,4.412352040604691,3.4447668598724883,3.197935384813824,2.9357325310397524,2.533321212752169,2.242341643391451,2.010145437444277
14.24338738927717,4.435130792220006,3.442041815376795,3.2034763886655058,2.9329968851007804,2.5311384743846252,2.2405331736405696,2.0081822689203235
14.238408546481299,4.433833299949113,3.4374681593386662,3.200980999374634,2.929681201264265,2.529427738074404,2.2370733658199544,2.007972414273536
14.243114233578527,4.426473765143664,3.4318145911460065,3.2051596451679867,2.927054498371312,2.5234379846248047,2.2454522971053055,2.0042926729027832
14.23643309957075,4.421744385258167,3.4332852467390773,3.1998923786933204,2.922175667046977,2.521027110343975,2.244753904271898,2.0016884747118366
14.234230971532625,4.419792128379379,3.43016564765181,3.2069843521463497,2.92288309432533,2.5150301162412783,2.242639304008708,2.0017039814765587
14.225219012862247,4.41885310644018,3.4265282854738457,3.203245060452673,2.921942405250585,2.5175582781826584,2.2407920507453367,2.0113382652505027
14.212757803175244,4.410111646511972,3.420022081084654,3.1970847607820336,2.9176390229882,2.514318563017207,2.238196205626101,2.0131223692039755
14.211727070035984,4.41010487420303,3.4183933540373426,3.200020348252041,2.9197557128738363,2.525239308965386,2.236591495547293,2.013203036442171
14.193466152053123,4.409253562641661,3.420864331085107,3.2094002594032554,2.921687416630684,2.520339374952873,2.2400366326469716,2.0155285430671497
14.179068042312903,4.405593505703507,3.417681521372498,3.2088955735813443,2.920347049488934,2.5120148287129784,2.255824945796508,2.0117038523587456
14.167828727749573,4.4124732607240595,3.413912684731131,3.2037560262552334,2.92336756149081,2.513131497406733,2.255781269900256,2.0083178141884583
14.162872194486916,4.4107256057166815,3.41011481608566,3.2017603005228823,2.9210052604804853,2.50899625064585,2.2558730661866395,2.005920425360653
14.154673800235479,4.400380912420026,3.435907091608087,3.195230918543041,2.9225940892354187,2.5041025560732626,2.253970454813693,2.005921910266632
14.139098678065697,4.39198431309458,3.438395216128926,3.1986033485150434,2.915730560809575,2.5050612641671046,2.253875783282061,2.0043524830371786
14.132449619104559,4.390021784955872,3.4309372319598848,3.2022942071859823,2.9275756847102534,2.4990286369618944,2.253797939001128,2.0001286325610304
14.123589576542305,4.3868722127219595,3.4277249592625605,3.212207379339862,2.923779714092132,2.496018756888571,2.2555264316798844,1.9962796683179809
14.118205309031122,4.383422170308236,3.4233425989882202,3.215221113648765,2.919639523623759,2.4945290907005773,2.253630403297474,1.9967465365107535
14.125087158459628,4.387249697343181,3.419439623499519,3.206364628213268,2.9136325757801425,2.498675547653972,2.2542316951982637,1.9942805047024117
14.121161069499099,4.393428706157561,3.416258776084819,3.206970223461907,2.910744597795004,2.515731523554351,2.250425803878278,1.9911983784591027
14.10711997038112,4.382358979201708,3.4383696784356,3.2045157891186546,2.9051504159445263,2.514129765751708,2.2501232630453982,1.9878820794848728
14.092845305534802,4.37733524421154,3.430265252375658,3.2024986848491075,2.9117718354493305,2.5140510678805246,2.250769535753839,1.9856917148091833
14.07787746142688,4.370326793057661,3.4225417645796323,3.194234364454967,2.907231544854512,2.5223409117649593,2.2458042000730982,1.981416081856466
14.06963903156792,4.361981822893609,3.415261961745099,3.1893875044453788,2.91621396557108,2.5349006129859837,2.2430343350476942,1.9784707259295695
14.063792847204304,4.375903752514779,3.412294722013424,3.1900620879220054,2.9129132020463278,2.549855251802781,2.2383648080693948,1.9772732327193294
14.061775180353347,4.367490965599382,3.406747784274149,3.2107477075264486,2.9085976865930454,2.545891930671398,2.2366362331569016,1.9747957146490087
14.043294205776803,4.355760556999307,3.402700003083744,3.1999109580068663,2.9034138109275665,2.5529229255593244,2.2311619520549257,1.9912217877082468
14.033604626878361,4.372604879513267,3.4022129677894095,3.2058396338988224,2.9015511273624406,2.5503219510047606,2.229406312445531,1.9897075069382115
14.028040770541448,4.365129627294873,3.4008278083036476,3.220194370154182,2.897134086182342,2.5430592344243164,2.2269727189116897,1.9857575753365944
14.01078470551117,4.370043944771197,3.4084671622125837,3.219594272306818,2.8926256544574565,2.5349345398960064,2.2312378897178484,1.9822550342385445
14.016860098000958,4.36547400421823,3.405750811558634,3.2197742920032777,2.8909292485237303,2.531762629433379,2.227933534421393,1.980721029454214
14.01249947665313,4.358505851040675,3.4039219188048397,3.223216111283766,2.884901518133196,2.529436867938102,2.225425634339488,1.977466527338281
13.998707829764694,4.356389062300575,3.3946929702702127,3.2184850338896442,2.884838061380638,2.5239210176851112,2.2296636912178047,1.9740090115796036
13.99010711965919,4.348217040515843,3.3855058013418198,3.2127682333262193,2.891023159062147,2.5192796437192406,2.232076393907395,1.9702558000440114
13.988919845422675,4.3493776068419265,3.3842017044829875,3.2095567676066974,2.8856788274327223,2.5181907531138092,2.2305324516140255,1.967618547767239
13.979481519682022,4.354478205507995,3.3800025110586827,3.205029155962127,2.8816904036266693,2.519419949606943,2.232546971398729,1.9652814955871938
13.97429417725358,4.348940248967493,3.3741376831173744,3.2197985580963455,2.8766332173272295,2.5135718544227776,2.229055094190984,1.9611074922048122
13.971707643736934,4.363733347885731,3.369782165561549,3.214608076348697,2.874891490012111,2.5190505757058297,2.2255189093168237,1.9603121368630654
13.97364948148099,4.355985587448876,3.36438509736617,3.2239150761269264,2.8717255385699683,2.5120748684953242,2.2226865795232738,1.9594204882738717
13.96150531056912,4.345094067856623,3.3630233843162105,3.231899284356086,2.8735551222592126,2.5101041990976305,2.2266410408662187,1.9608478558542317
13.938581848807555,4.38280280596255,3.352867833031903,3.229014861155256,2.8772151049397254,2.50520545908998,2.222048422134738,1.9677755597667688
13.924383466048262,4.378045169772138,3.3703806263422513,3.2231807961355408,2.872697178326396,2.5098306916600728,2.218472271845536,1.9699490673539195
13.925189473058094,4.380600226800636,3.365144552127284,3.2160702792033744,2.867878704723528,2.507545252871513,2.214238270250627,1.9682186149462524
13.919501569586963,4.373124379973104,3.3694987171479798,3.2146640001806066,2.865887393233594,2.5048698189795644,2.212865134172218,1.9650407751355046
13.90896003261815,4.36752643802501,3.3653521300246023,3.2337332638014256,2.861277599045409,2.4994319924886814,2.2086942151140443,1.9612565601539378
13.897589538105017,4.364533420000475,3.3614154670557452,3.233903561917425,2.8585111606072235,2.4992940793107423,2.208283395470149,1.958541357580889
13.891303780191805,4.368647328674333,3.352744213851132,3.2295226753316966,2.85050629859033,2.5035938234699073,2.2151924891367205,1.9681060587065025
13.882529816386082,4.363468443383434,3.3502782805218003,3.235676201436738,2.84904526651364,2.4986548250354685,2.2137408868104527,1.9657272919114177
13.869203492320434,4.3658495535552415,3.341737945583559,3.23943372208062,2.8443505067190866,2.493059821293355,2.21257307291399,1.9626902829475823
13.865144068155647,4.3623934873070045,3.337428756462672,3.235689669273348,2.83994794183114,2.4902878974453913,2.210049341449304,1.9603946985672713
13.859561407829194,4.356589696206214,3.3355678629702434,3.229333277387655,2.8354577322126473,2.4879971399828205,2.213030236533877,1.9691443278340868
13.852864528057694,4.350670198729993,3.3305619610101216,3.2266960483385314,2.849857307060614,2.482071493666753,2.2162652452297413,1.9652955696031191
13.836882899619638,4.342940597745457,3.3275422510500876,3.221360247761388,2.8464780985638805,2.4922355043720024,2.210863373870043,1.9644292836611486
13.821953583117125,4.348226867733118,3.33612037477271,3.212743699239669,2.848681035176553,2.4915062762551408,2.2102811244542977,1.9620065800281212
13.797777156712247,4.345243630499525,3.347220694014648,3.2113870370109225,2.847257312095013,2.485178564338488,2.208200951503609,1.9588404163333064
13.783315275380737,4.338244084854418,3.3751677034086,3.217408589811112,2.846565127178239,2.4838575124443687,2.2068543490701087,1.9568282083200597
13.768486663284005,4.332676144865852,3.410630976104306,3.2093050085664667,2.854087731387259,2.4872998884849338,2.2073740411506333,1.9560680630143326
13.763582080249623,4.325962946976663,3.4062079165666814,3.220352591094765,2.849868072293915,2.4823085892982375,2.206652001480657,1.9579463848519862
13.757977634929453,4.333040197334551,3.411658254661625,3.2194841230704694,2.849056112840147,2.473652386240812,2.207726842719293,1.9598455631001725
13.754168890518955,4.325842202742431,3.404823476227405,3.214606403963508,2.8603930839048948,2.4762095367630357,2.210258745292994,1.9626195148307335
13.75151438483449,4.318927615969635,3.401127798096934,3.218122030718908,2.8640049333457096,2.469907684826187,2.2138147263365227,1.9621201622179893
13.745089927061258,4.308017934234554,3.4013094768698724,3.2397256746201504,2.862007760907092,2.4609770932771915,2.2179995965481067,1.9616932881107492
13.74462080804373,4.302240724107913,3.394815353309369,3.2358874775944835,2.8610888016572806,2.4628387634774076,2.2245286269107187,1.9659533028931238
13.74397067912999,4.296833006308816,3.3892123512070835,3.230738197968406,2.8581298421657784,2.4592834867118047,2.226485247704341,1.9705222662346906
13.73323610849615,4.293928362661568,3.3838167531040106,3.2357684843735863,2.8573644543595424,2.456504396084937,2.2230626989823947,1.9662511840966368
13.73288443859034,4.2960198399800795,3.37425691297791,3.2341988282195224,2.8479945607463706,2.4590334400101455,2.2248948875975274,1.9687525756504494
13.722964492879697,4.307651588923793,3.3707686533305026,3.248432287816241,2.849813555096123,2.4538692487444034,2.2281205885342104,1.9657504981966596
13.717453010258215,4.309082063853673,3.3684849245324107,3.258091332055934,2.8468929024541154,2.4490355424748396,2.226098476554207,1.9629123999310565
13.714951619198711,4.304678636447603,3.3624905850621287,3.2520635436629375,2.859024762358981,2.447066933592207,2.2242093628686317,1.9618626018501408
13.705556270870954,4.308244042103846,3.371199589382581,3.249284366356345,2.857243502098097,2.4416431733517587,2.220489610894567,1.959115709242787
13.701496502528062,4.301654576547472,3.3692831941256567,3.244692483368795,2.862905294525282,2.441006389570425,2.2291719847593985,1.9567891916599507
13.695784874800225,4.300379488052176,3.3638342721238135,3.23991560275323,2.8597849481524644,2.4404406830121506,2.2314619976307,1.9613981888633343
13.693123267765085,4.294013875890181,3.363172087634025,3.2347627187415173,2.8590679689264813,2.4394085713465334,2.2306523196682324,1.958640300858264
13.694040707923097,4.290227485912439,3.3621638097066664,3.231573384755842,2.858208682411274,2.4374307163216544,2.2318704478886153,1.9599602912702454
13.695461175896359,4.283889128008628,3.352645720539075,3.227676090901176,2.8713136987162464,2.436091650638632,2.2280551472577694,1.95867744698835
13.689944119990553,4.278538816294702,3.344891795376096,3.223910970223249,2.877165185736443,2.4385914985835884,2.23366172365656,1.9549074461481522
13.690075130716178,4.2692023499515575,3.360517521063802,3.215966383502971,2.8738052244478784,2.429155588703203,2.238870912915385,1.9543878516499757
13.692484807675594,4.263809045234812,3.357721451946621,3.212188064033276,2.8710838535175203,2.4296306255111437,2.2473374108304776,1.9571957947763146
13.692482157117158,4.258507843084319,3.352780126687384,3.2096297580214124,2.8901682930821297,2.431650859300647,2.2461260394749583,1.956652076782801
13.689584641107317,4.25668091287733,3.3430799434930663,3.2031928403296988,2.9159528259443053,2.432235738461219,2.2421933097445885,1.9542125727908914
13.681920207458827,4.251548254584964,3.3501479271603545,3.198973798554089,2.911416330054623,2.424525410278364,2.244528074533069,1.955796175043778
13.680584134577536,4.24968689349938,3.340994445844408,3.193081605610749,2.9273292244964924,2.423301042390141,2.240375649935331,1.9627169305004686
13.675305871956759,4.241174651589118,3.3341918276577105,3.1873542969574156,2.957852126617964,2.4210732504514003,2.2397219606980676,1.9597873740507643
13.66792597478414,4.234269360216162,3.34833886136085,3.182097555640567,2.9523982791565335,2.4166416647454962,2.2385022040736775,1.9631197289739772
13.672315074607404,4.225528689652437,3.341477924862353,3.1782453787631275,2.9613803252831694,2.4102795511787005,2.2357460299625114,1.9637580208723178
13.659349375097474,4.217648672311544,3.357425333772624,3.171396721260668,2.960242161284006,2.406587560429433,2.2322869611022553,1.9610833836646269
13.651606004999469,4.215765111675886,3.3551005724339165,3.1774783373424658,2.957319781740561,2.404624820299312,2.2317580645045085,1.9594453677037067
13.650551375527577,4.217527958376351,3.3464745098430604,3.1719439621169054,2.947765721136524,2.408143471339351,2.233486606486798,1.9575688974712626
13.638024977392892,4.217313753960326,3.342958101532385,3.167424486431759,2.942724366315036,2.4037338458259647,2.2299918613761176,1.9576469806351764
13.638529858410191,4.21658976354167,3.337376339657035,3.1630061000791585,2.9502446714842576,2.410365900454509,2.22566801571719,1.9539942604238403
13.635863008434864,4.237954281284727,3.32889924528633,3.154865130335062,2.9548023920077497,2.407889614330304,2.2258198505052023,1.9503277098832201
13.631340282226741,4.230459045358224,3.3285126629896933,3.1499044923456463,2.959384182767864,2.4086066956457524,2.2246419133878423,1.9472366790608227
13.63673295080783,4.226229988263491,3.3258354313292706,3.145714887905755,2.960570052633884,2.4060372423340834,2.2239211417153317,1.9460324775436737
13.62630765936219,4.24103675500557,3.321361619861243,3.144515809891055,2.9628067493159964,2.4044726845006266,2.220912132649005,1.9413940626789048
13.620112138580883,4.2364493275101704,3.330408179154472,3.1411627177164885,2.9599077100011923,2.408794296731494,2.22505557149101,1.9386768474064182
13.625215221614202,4.2361310001835175,3.335426236577748,3.1366072295973875,2.955971223373005,2.411830431261856,2.2344538211431146,1.9354805504187031
13.626921268154593,4.242717753213556,3.3375845201291257,3.131638933025039,2.953132301729243,2.409300557947914,2.2384151211234395,1.9327406700544396
13.628219879572146,4.236034781273338,3.330218303334985,3.1333653918809947,2.9672541646965684,2.406882910083401,2.2357946757847107,1.9337468634565547
13.629903983880222,4.231742043157727,3.3281544473524662,3.127015196936934,2.973899824272922,2.411513075132438,2.234490717703055,1.9376990870231463
13.629679363069275,4.232547855145235,3.3245964131256716,3.1234922519920794,2.9692823386112526,2.412086543469779,2.2361122098312927,1.936899713726315
13.628869022833804,4.228914053329634,3.324994056637706,3.119415296551675,2.9689024084367945,2.4127182736541317,2.241797431795062,1.9358885318706527
13.623714959193478,4.225618469549243,3.3223501195741734,3.1158104099858894,2.9870626212407205,2.411941216999608,2.239253163429497,1.9358487085830676
13.611571511878541,4.224471842902817,3.3297493932025355,3.1109722886163165,2.982324782534486,2.414836867750632,2.239620765638921,1.9304375389325845
13.601483826348822,4.219218854348414,3.3286171593453107,3.114605348665302,2.9785071805764787,2.412210437281544,2.2368291911863483,1.9266496355029907
13.597532561285206,4.213035028909848,3.3337686169627694,3.112154515977394,2.974040614652568,2.406483433491459,2.241201059858555,1.9263762606219401
13.59998794625329,4.210033030102668,3.331520061173045,3.106207861166389,2.968930277069838,2.399580129470969,2.2434452145022514,1.9268474519161514
13.606592017641141,4.2051845946984745,3.3311346224193725,3.101836880095381,2.9769472868179747,2.403461803424061,2.242144171772086,1.9293085678114428
13.60201349683421,4.198437834588555,3.3410458778711725,3.097055658892323,2.9741330177575014,2.3994033349882873,2.2412590660956955,1.9259641391967675
13.58909233180368,4.210733788324765,3.336049820328124,3.094908110626308,2.9802443296705987,2.395286025495603,2.235789247901454,1.9232377885262275
13.58473732678683,4.20928745905703,3.337456543726988,3.092008230233334,2.9977719550072,2.393051393521769,2.2319917735830317,1.919467207572435
13.577439139784754,4.218984173328582,3.335665018175263,3.0899612656350928,2.998199877438078,2.3901132855978258,2.232511045698031,1.9186632131490697
13.578814319283445,4.2170435409971745,3.3341146331250844,3.084701197152992,3.0073578461694495,2.391380868935593,2.228601589441049,1.9168364574078174
13.582484208517702,4.222333687459258,3.345630702131921,3.0787698067564495,3.0069694429262204,2.3878891874891113,2.2298008655503954,1.9135596188360737
13.583223384788283,4.2264852818703105,3.3413138710210735,3.0747114619532816,3.021805554361641,2.3857172277981684,2.2265497145847606,1.9142149321713051
13.582013335329869,4.225727075516668,3.3415130117615615,3.0823608592281873,3.0195639781331014,2.3830196203587737,2.2271690604898997,1.9113545427894199
13.574934510925637,4.2182088851229,3.3361683307574146,3.0793257663622717,3.0188835969388372,2.379779195086152,2.223590860031748,1.9081758666208086
13.57541796212018,4.2231875352098225,3.340803358517058,3.074219802559711,3.0152355228685392,2.3766461489581965,2.223139103688496,1.906098219870372
13.566806484273059,4.217957930814812,3.3493536555766386,3.068465312827484,3.022757130330973,2.3813697803320473,2.2208396151482614,1.902791452317698
13.560915045246471,4.213399801159083,3.3494276348253096,3.073397092355617,3.0187731417628365,2.3796546058865697,2.2204172486928067,1.9000250835964498
13.556436719514465,4.213994716055444,3.3531221266426026,3.067771421768835,3.015334232819869,2.378776404248429,2.2201995079797743,1.8969201823128081
13.554769481969124,4.2152646835311,3.367040588656148,3.0649844990299586,3.0115067710466605,2.376408506831258,2.218520190536013,1.8940211989531328
13.549342294178945,4.214801087138442,3.3697671088926615,3.067979152365744,3.0064772024232855,2.3771684111579807,2.221148374990244,1.9044415007917863
13.544768708833356,4.213165481420091,3.3829945265134738,3.0644690140616597,3.0021560788746644,2.374817353862258,2.2182960693586264,1.9082483428228012
13.540335970531181,4.211958670634804,3.3919923587734115,3.059847937236946,3.003231475551199,2.3756257777305243,2.2182182927911307,1.9078579102198963
13.531382718845137,4.210487724908372,3.4039968650403005,3.0548703061806006,3.001238380815132,2.370701273430532,2.217740068101881,1.9048884412790734
13.532182867006654,4.206869826686242,3.4128843974702607,3.0540291322078335,2.998351123476094,2.3698932243761948,2.2176707953982393,1.9026770110314533
13.532839876264848,4.20295129465684,3.4146367752460436,3.050188945197694,2.9990189819701687,2.3815505621067663,2.2123588835177364,1.9054306233444285
13.532260158757403,4.200002886155275,3.4163642409745107,3.0484532661156827,3.0074053831086047,2.3826181168433,2.210266502152219,1.9024159692690938
13.52603630700072,4.196681531686826,3.425363315807995,3.0444550747051773,3.006126812610677,2.386014620883768,2.2097201371306694,1.9018598696791322
13.531455810969298,4.193219479510995,3.424554672173955,3.0503585898227676,2.999419960177168,2.395018426013612,2.2055124630184864,1.8995457877244966
13.528468479682004,4.188997401921965,3.417261157938752,3.0600290899846687,3.002149812129343,2.3903312654339928,2.2049728113127616,1.8991944258115092
13.527675240211579,4.187263357355494,3.4156851937832142,3.0572668158119374,3.0034604161554883,2.388658783146013,2.2027244804868977,1.896510445842881
13.529705216638444,4.183951794158487,3.416016873165318,3.055192686074909,3.00296311904456,2.3845449976933817,2.1991904575984695,1.8955485357626474
13.524012787449678,4.1895545667298055,3.425484778473049,3.0516874789782675,3.0062326222724143,2.3833239844878875,2.197697117552227,1.8926696438685453
13.518365713665155,4.194295596380131,3.438813774817317,3.0506821250826106,3.0038792785967483,2.3862814437056725,2.197251974734229,1.8908282743850147
13.509115561927945,4.18852230543871,3.4449013877636983,3.0496807934284274,3.0033916247561607,2.388088394966333,2.1975638165810487,1.8880924423405259
13.497101798345632,4.182586923581429,3.4411665291020572,3.0577843605083723,3.026430317922969,2.39795619216489,2.1938326011264064,1.8869114787738845
13.488530444331783,4.1869243655666875,3.441687057000802,3.0745021372897057,3.02328082604447,2.3921636375929918,2.201194255766244,1.88347703656475
13.486942577076498,4.184294645505874,3.4523749955797616,3.0712383381158928,3.0200549718373644,2.4021425244642938,2.2004248337263013,1.8817239038429605
13.478509441786933,4.179684212199684,3.4477567352283467,3.076667052111897,3.027071885066261,2.4046356854188713,2.194799795148539,1.8821209710762457
13.467718858837337,4.180403630005408,3.4679439089939597,3.0725744952421525,3.0230845329208584,2.402622112321255,2.201975701088452,1.878641817844874
13.46282789612647,4.17928807029668,3.4755136939129243,3.0870062901643327,3.0241090898568865,2.398535448950076,2.2010330722290323,1.8825573615519198
